2025-07-30 14:31:15 0 [Note] Starting MariaDB 10.4.32-MariaDB source revision c4143f909528e3fab0677a28631d10389354c491 as process 15876
2025-07-30 14:31:15 0 [Note] InnoDB: Mutexes and rw_locks use Windows interlocked functions
2025-07-30 14:31:15 0 [Note] InnoDB: Uses event mutexes
2025-07-30 14:31:15 0 [Note] InnoDB: Compressed tables use zlib 1.3
2025-07-30 14:31:15 0 [Note] InnoDB: Number of pools: 1
2025-07-30 14:31:15 0 [Note] InnoDB: Using SSE2 crc32 instructions
2025-07-30 14:31:15 0 [Note] InnoDB: Initializing buffer pool, total size = 16M, instances = 1, chunk size = 16M
2025-07-30 14:31:15 0 [Note] InnoDB: Completed initialization of buffer pool
2025-07-30 14:31:15 0 [Note] InnoDB: Starting crash recovery from checkpoint LSN=300288
2025-07-30 14:31:16 0 [Note] InnoDB: 128 out of 128 rollback segments are active.
2025-07-30 14:31:16 0 [Note] InnoDB: Removed temporary tablespace data file: "ibtmp1"
2025-07-30 14:31:16 0 [Note] InnoDB: Creating shared tablespace for temporary tables
2025-07-30 14:31:16 0 [Note] InnoDB: Setting file 'C:\xampp\mysql\data\ibtmp1' size to 12 MB. Physically writing the file full; Please wait ...
2025-07-30 14:31:16 0 [Note] InnoDB: File 'C:\xampp\mysql\data\ibtmp1' size is now 12 MB.
2025-07-30 14:31:16 0 [Note] InnoDB: Waiting for purge to start
2025-07-30 14:31:16 0 [Note] InnoDB: 10.4.32 started; log sequence number 300297; transaction id 170
2025-07-30 14:31:16 0 [Note] InnoDB: Loading buffer pool(s) from C:\xampp\mysql\data\ib_buffer_pool
2025-07-30 14:31:16 0 [Note] Plugin 'FEEDBACK' is disabled.
2025-07-30 14:31:16 0 [Note] Server socket created on IP: '::'.
2025-07-30 15:38:44 0 [Note] Starting MariaDB 10.4.32-MariaDB source revision c4143f909528e3fab0677a28631d10389354c491 as process 12376
2025-07-30 15:38:44 0 [Note] InnoDB: Mutexes and rw_locks use Windows interlocked functions
2025-07-30 15:38:44 0 [Note] InnoDB: Uses event mutexes
2025-07-30 15:38:44 0 [Note] InnoDB: Compressed tables use zlib 1.3
2025-07-30 15:38:44 0 [Note] InnoDB: Number of pools: 1
2025-07-30 15:38:44 0 [Note] InnoDB: Using SSE2 crc32 instructions
2025-07-30 15:38:44 0 [Note] InnoDB: Initializing buffer pool, total size = 16M, instances = 1, chunk size = 16M
2025-07-30 15:38:44 0 [Note] InnoDB: Completed initialization of buffer pool
2025-07-30 15:38:44 0 [Note] InnoDB: Starting crash recovery from checkpoint LSN=1639334
2025-07-30 15:38:44 0 [Note] InnoDB: 128 out of 128 rollback segments are active.
2025-07-30 15:38:44 0 [Note] InnoDB: Removed temporary tablespace data file: "ibtmp1"
2025-07-30 15:38:44 0 [Note] InnoDB: Creating shared tablespace for temporary tables
2025-07-30 15:38:44 0 [Note] InnoDB: Setting file 'C:\xampp\mysql\data\ibtmp1' size to 12 MB. Physically writing the file full; Please wait ...
2025-07-30 15:38:44 0 [Note] InnoDB: File 'C:\xampp\mysql\data\ibtmp1' size is now 12 MB.
2025-07-30 15:38:44 0 [Note] InnoDB: Waiting for purge to start
2025-07-30 15:38:44 0 [Note] InnoDB: 10.4.32 started; log sequence number 1639343; transaction id 1399
2025-07-30 15:38:44 0 [Note] InnoDB: Loading buffer pool(s) from C:\xampp\mysql\data\ib_buffer_pool
2025-07-30 15:38:44 0 [Note] Plugin 'FEEDBACK' is disabled.
2025-07-30 15:38:44 0 [Note] Server socket created on IP: '::'.
2025-07-31  8:10:50 0 [Note] Starting MariaDB 10.4.32-MariaDB source revision c4143f909528e3fab0677a28631d10389354c491 as process 18388
2025-07-31  8:10:50 0 [Note] InnoDB: Mutexes and rw_locks use Windows interlocked functions
2025-07-31  8:10:50 0 [Note] InnoDB: Uses event mutexes
2025-07-31  8:10:50 0 [Note] InnoDB: Compressed tables use zlib 1.3
2025-07-31  8:10:50 0 [Note] InnoDB: Number of pools: 1
2025-07-31  8:10:50 0 [Note] InnoDB: Using SSE2 crc32 instructions
2025-07-31  8:10:50 0 [Note] InnoDB: Initializing buffer pool, total size = 16M, instances = 1, chunk size = 16M
2025-07-31  8:10:50 0 [Note] InnoDB: Completed initialization of buffer pool
2025-07-31  8:10:50 0 [Note] InnoDB: Starting crash recovery from checkpoint LSN=2845268
2025-07-31  8:10:51 0 [Note] InnoDB: 128 out of 128 rollback segments are active.
2025-07-31  8:10:51 0 [Note] InnoDB: Removed temporary tablespace data file: "ibtmp1"
2025-07-31  8:10:51 0 [Note] InnoDB: Creating shared tablespace for temporary tables
2025-07-31  8:10:51 0 [Note] InnoDB: Setting file 'C:\xampp\mysql\data\ibtmp1' size to 12 MB. Physically writing the file full; Please wait ...
2025-07-31  8:10:51 0 [Note] InnoDB: File 'C:\xampp\mysql\data\ibtmp1' size is now 12 MB.
2025-07-31  8:10:51 0 [Note] InnoDB: Waiting for purge to start
2025-07-31  8:10:51 0 [Note] InnoDB: 10.4.32 started; log sequence number 2845277; transaction id 5908
2025-07-31  8:10:51 0 [Note] InnoDB: Loading buffer pool(s) from C:\xampp\mysql\data\ib_buffer_pool
2025-07-31  8:10:51 0 [Note] Plugin 'FEEDBACK' is disabled.
2025-07-31  8:10:51 0 [Note] InnoDB: Buffer pool(s) load completed at 250731  8:10:51
2025-07-31  8:10:51 0 [Note] Server socket created on IP: '::'.
2025-08-01  8:24:25 0 [Note] Starting MariaDB 10.4.32-MariaDB source revision c4143f909528e3fab0677a28631d10389354c491 as process 4608
2025-08-01  8:24:25 0 [Note] InnoDB: Mutexes and rw_locks use Windows interlocked functions
2025-08-01  8:24:25 0 [Note] InnoDB: Uses event mutexes
2025-08-01  8:24:25 0 [Note] InnoDB: Compressed tables use zlib 1.3
2025-08-01  8:24:25 0 [Note] InnoDB: Number of pools: 1
2025-08-01  8:24:25 0 [Note] InnoDB: Using SSE2 crc32 instructions
2025-08-01  8:24:25 0 [Note] InnoDB: Initializing buffer pool, total size = 16M, instances = 1, chunk size = 16M
2025-08-01  8:24:25 0 [Note] InnoDB: Completed initialization of buffer pool
2025-08-01  8:24:25 0 [Note] InnoDB: Starting crash recovery from checkpoint LSN=28743393
2025-08-01  8:24:26 0 [Note] InnoDB: 128 out of 128 rollback segments are active.
2025-08-01  8:24:26 0 [Note] InnoDB: Removed temporary tablespace data file: "ibtmp1"
2025-08-01  8:24:26 0 [Note] InnoDB: Creating shared tablespace for temporary tables
2025-08-01  8:24:26 0 [Note] InnoDB: Setting file 'C:\xampp\mysql\data\ibtmp1' size to 12 MB. Physically writing the file full; Please wait ...
2025-08-01  8:24:26 0 [Note] InnoDB: File 'C:\xampp\mysql\data\ibtmp1' size is now 12 MB.
2025-08-01  8:24:26 0 [Note] InnoDB: Waiting for purge to start
2025-08-01  8:24:26 0 [Note] InnoDB: 10.4.32 started; log sequence number 28743402; transaction id 8570
2025-08-01  8:24:26 0 [Note] InnoDB: Loading buffer pool(s) from C:\xampp\mysql\data\ib_buffer_pool
2025-08-01  8:24:26 0 [Note] Plugin 'FEEDBACK' is disabled.
2025-08-01  8:24:26 0 [Note] InnoDB: Buffer pool(s) load completed at 250801  8:24:26
2025-08-01  8:24:26 0 [Note] Server socket created on IP: '::'.
2025-08-04  8:47:53 0 [Note] Starting MariaDB 10.4.32-MariaDB source revision c4143f909528e3fab0677a28631d10389354c491 as process 10048
2025-08-04  8:47:53 0 [Note] InnoDB: Mutexes and rw_locks use Windows interlocked functions
2025-08-04  8:47:53 0 [Note] InnoDB: Uses event mutexes
2025-08-04  8:47:53 0 [Note] InnoDB: Compressed tables use zlib 1.3
2025-08-04  8:47:53 0 [Note] InnoDB: Number of pools: 1
2025-08-04  8:47:53 0 [Note] InnoDB: Using SSE2 crc32 instructions
2025-08-04  8:47:53 0 [Note] InnoDB: Initializing buffer pool, total size = 16M, instances = 1, chunk size = 16M
2025-08-04  8:47:53 0 [Note] InnoDB: Completed initialization of buffer pool
2025-08-04  8:47:53 0 [Note] InnoDB: Starting crash recovery from checkpoint LSN=33379386
2025-08-04  8:47:54 0 [Note] InnoDB: 128 out of 128 rollback segments are active.
2025-08-04  8:47:54 0 [Note] InnoDB: Removed temporary tablespace data file: "ibtmp1"
2025-08-04  8:47:54 0 [Note] InnoDB: Creating shared tablespace for temporary tables
2025-08-04  8:47:54 0 [Note] InnoDB: Setting file 'C:\xampp\mysql\data\ibtmp1' size to 12 MB. Physically writing the file full; Please wait ...
2025-08-04  8:47:54 0 [Note] InnoDB: File 'C:\xampp\mysql\data\ibtmp1' size is now 12 MB.
2025-08-04  8:47:54 0 [Note] InnoDB: Waiting for purge to start
2025-08-04  8:47:54 0 [Note] InnoDB: 10.4.32 started; log sequence number 33379395; transaction id 25088
2025-08-04  8:47:54 0 [Note] InnoDB: Loading buffer pool(s) from C:\xampp\mysql\data\ib_buffer_pool
2025-08-04  8:47:54 0 [Note] Plugin 'FEEDBACK' is disabled.
2025-08-04  8:47:54 0 [Note] InnoDB: Buffer pool(s) load completed at 250804  8:47:54
2025-08-04  8:47:54 0 [Note] Server socket created on IP: '::'.
2025-08-07  8:46:55 0 [Note] Starting MariaDB 10.4.32-MariaDB source revision c4143f909528e3fab0677a28631d10389354c491 as process 11560
2025-08-07  8:46:55 0 [Note] InnoDB: Mutexes and rw_locks use Windows interlocked functions
2025-08-07  8:46:55 0 [Note] InnoDB: Uses event mutexes
2025-08-07  8:46:55 0 [Note] InnoDB: Compressed tables use zlib 1.3
2025-08-07  8:46:55 0 [Note] InnoDB: Number of pools: 1
2025-08-07  8:46:55 0 [Note] InnoDB: Using SSE2 crc32 instructions
2025-08-07  8:46:55 0 [Note] InnoDB: Initializing buffer pool, total size = 16M, instances = 1, chunk size = 16M
2025-08-07  8:46:55 0 [Note] InnoDB: Completed initialization of buffer pool
2025-08-07  8:46:55 0 [Note] InnoDB: Starting crash recovery from checkpoint LSN=34368332
2025-08-07  8:46:55 0 [Note] InnoDB: 128 out of 128 rollback segments are active.
2025-08-07  8:46:55 0 [Note] InnoDB: Removed temporary tablespace data file: "ibtmp1"
2025-08-07  8:46:55 0 [Note] InnoDB: Creating shared tablespace for temporary tables
2025-08-07  8:46:55 0 [Note] InnoDB: Setting file 'C:\xampp\mysql\data\ibtmp1' size to 12 MB. Physically writing the file full; Please wait ...
2025-08-07  8:46:55 0 [Note] InnoDB: File 'C:\xampp\mysql\data\ibtmp1' size is now 12 MB.
2025-08-07  8:46:55 0 [Note] InnoDB: Waiting for purge to start
2025-08-07  8:46:55 0 [Note] InnoDB: 10.4.32 started; log sequence number 34368341; transaction id 26841
2025-08-07  8:46:55 0 [Note] InnoDB: Loading buffer pool(s) from C:\xampp\mysql\data\ib_buffer_pool
2025-08-07  8:46:55 0 [Note] Plugin 'FEEDBACK' is disabled.
2025-08-07  8:46:55 0 [Note] InnoDB: Buffer pool(s) load completed at 250807  8:46:55
2025-08-07  8:46:55 0 [Note] Server socket created on IP: '::'.
2025-08-08 14:21:25 0 [Note] Starting MariaDB 10.4.32-MariaDB source revision c4143f909528e3fab0677a28631d10389354c491 as process 13480
2025-08-08 14:21:25 0 [Note] InnoDB: Mutexes and rw_locks use Windows interlocked functions
2025-08-08 14:21:25 0 [Note] InnoDB: Uses event mutexes
2025-08-08 14:21:25 0 [Note] InnoDB: Compressed tables use zlib 1.3
2025-08-08 14:21:25 0 [Note] InnoDB: Number of pools: 1
2025-08-08 14:21:25 0 [Note] InnoDB: Using SSE2 crc32 instructions
2025-08-08 14:21:25 0 [Note] InnoDB: Initializing buffer pool, total size = 16M, instances = 1, chunk size = 16M
2025-08-08 14:21:25 0 [Note] InnoDB: Completed initialization of buffer pool
2025-08-08 14:21:25 0 [Note] InnoDB: Starting crash recovery from checkpoint LSN=34368332
2025-08-08 14:21:26 0 [Note] InnoDB: 128 out of 128 rollback segments are active.
2025-08-08 14:21:26 0 [Note] InnoDB: Removed temporary tablespace data file: "ibtmp1"
2025-08-08 14:21:26 0 [Note] InnoDB: Creating shared tablespace for temporary tables
2025-08-08 14:21:26 0 [Note] InnoDB: Setting file 'C:\xampp\mysql\data\ibtmp1' size to 12 MB. Physically writing the file full; Please wait ...
2025-08-08 14:21:26 0 [Note] InnoDB: File 'C:\xampp\mysql\data\ibtmp1' size is now 12 MB.
2025-08-08 14:21:26 0 [Note] InnoDB: Waiting for purge to start
2025-08-08 14:21:26 0 [Note] InnoDB: 10.4.32 started; log sequence number 34368341; transaction id 26841
2025-08-08 14:21:26 0 [Note] InnoDB: Loading buffer pool(s) from C:\xampp\mysql\data\ib_buffer_pool
2025-08-08 14:21:26 0 [Note] Plugin 'FEEDBACK' is disabled.
2025-08-08 14:21:26 0 [Note] InnoDB: Buffer pool(s) load completed at 250808 14:21:26
2025-08-08 14:21:26 0 [Note] Server socket created on IP: '::'.
2025-08-10 19:48:24 0 [Note] Starting MariaDB 10.4.32-MariaDB source revision c4143f909528e3fab0677a28631d10389354c491 as process 12764
2025-08-10 19:48:24 0 [Note] InnoDB: Mutexes and rw_locks use Windows interlocked functions
2025-08-10 19:48:24 0 [Note] InnoDB: Uses event mutexes
2025-08-10 19:48:24 0 [Note] InnoDB: Compressed tables use zlib 1.3
2025-08-10 19:48:24 0 [Note] InnoDB: Number of pools: 1
2025-08-10 19:48:24 0 [Note] InnoDB: Using SSE2 crc32 instructions
2025-08-10 19:48:24 0 [Note] InnoDB: Initializing buffer pool, total size = 16M, instances = 1, chunk size = 16M
2025-08-10 19:48:24 0 [Note] InnoDB: Completed initialization of buffer pool
2025-08-10 19:48:24 0 [Note] InnoDB: Starting crash recovery from checkpoint LSN=34376163
2025-08-10 19:48:25 0 [Note] InnoDB: 128 out of 128 rollback segments are active.
2025-08-10 19:48:25 0 [Note] InnoDB: Removed temporary tablespace data file: "ibtmp1"
2025-08-10 19:48:25 0 [Note] InnoDB: Creating shared tablespace for temporary tables
2025-08-10 19:48:25 0 [Note] InnoDB: Setting file 'C:\xampp\mysql\data\ibtmp1' size to 12 MB. Physically writing the file full; Please wait ...
2025-08-10 19:48:25 0 [Note] InnoDB: File 'C:\xampp\mysql\data\ibtmp1' size is now 12 MB.
2025-08-10 19:48:25 0 [Note] InnoDB: Waiting for purge to start
2025-08-10 19:48:25 0 [Note] InnoDB: 10.4.32 started; log sequence number 34376172; transaction id 26898
2025-08-10 19:48:25 0 [Note] InnoDB: Loading buffer pool(s) from C:\xampp\mysql\data\ib_buffer_pool
2025-08-10 19:48:25 0 [Note] Plugin 'FEEDBACK' is disabled.
2025-08-10 19:48:25 0 [Note] InnoDB: Buffer pool(s) load completed at 250810 19:48:25
2025-08-10 19:48:25 0 [Note] Server socket created on IP: '::'.
2025-08-11  7:59:04 0 [Note] Starting MariaDB 10.4.32-MariaDB source revision c4143f909528e3fab0677a28631d10389354c491 as process 16268
2025-08-11  7:59:04 0 [Note] InnoDB: Mutexes and rw_locks use Windows interlocked functions
2025-08-11  7:59:04 0 [Note] InnoDB: Uses event mutexes
2025-08-11  7:59:04 0 [Note] InnoDB: Compressed tables use zlib 1.3
2025-08-11  7:59:04 0 [Note] InnoDB: Number of pools: 1
2025-08-11  7:59:04 0 [Note] InnoDB: Using SSE2 crc32 instructions
2025-08-11  7:59:04 0 [Note] InnoDB: Initializing buffer pool, total size = 16M, instances = 1, chunk size = 16M
2025-08-11  7:59:04 0 [Note] InnoDB: Completed initialization of buffer pool
2025-08-11  7:59:04 0 [Note] InnoDB: Starting crash recovery from checkpoint LSN=34629511
2025-08-11  7:59:05 0 [Note] InnoDB: 128 out of 128 rollback segments are active.
2025-08-11  7:59:05 0 [Note] InnoDB: Removed temporary tablespace data file: "ibtmp1"
2025-08-11  7:59:05 0 [Note] InnoDB: Creating shared tablespace for temporary tables
2025-08-11  7:59:05 0 [Note] InnoDB: Setting file 'C:\xampp\mysql\data\ibtmp1' size to 12 MB. Physically writing the file full; Please wait ...
2025-08-11  7:59:05 0 [Note] InnoDB: File 'C:\xampp\mysql\data\ibtmp1' size is now 12 MB.
2025-08-11  7:59:05 0 [Note] InnoDB: Waiting for purge to start
2025-08-11  7:59:05 0 [Note] InnoDB: 10.4.32 started; log sequence number 34629520; transaction id 27350
2025-08-11  7:59:05 0 [Note] InnoDB: Loading buffer pool(s) from C:\xampp\mysql\data\ib_buffer_pool
2025-08-11  7:59:05 0 [Note] Plugin 'FEEDBACK' is disabled.
2025-08-11  7:59:05 0 [Note] InnoDB: Buffer pool(s) load completed at 250811  7:59:05
2025-08-11  7:59:05 0 [Note] Server socket created on IP: '::'.
2025-08-12  8:28:49 0 [Note] Starting MariaDB 10.4.32-MariaDB source revision c4143f909528e3fab0677a28631d10389354c491 as process 16016
2025-08-12  8:28:50 0 [Note] InnoDB: Mutexes and rw_locks use Windows interlocked functions
2025-08-12  8:28:50 0 [Note] InnoDB: Uses event mutexes
2025-08-12  8:28:50 0 [Note] InnoDB: Compressed tables use zlib 1.3
2025-08-12  8:28:50 0 [Note] InnoDB: Number of pools: 1
2025-08-12  8:28:50 0 [Note] InnoDB: Using SSE2 crc32 instructions
2025-08-12  8:28:50 0 [Note] InnoDB: Initializing buffer pool, total size = 16M, instances = 1, chunk size = 16M
2025-08-12  8:28:50 0 [Note] InnoDB: Completed initialization of buffer pool
2025-08-12  8:28:50 0 [Note] InnoDB: Starting crash recovery from checkpoint LSN=34932447
2025-08-12  8:28:50 0 [Note] InnoDB: 128 out of 128 rollback segments are active.
2025-08-12  8:28:50 0 [Note] InnoDB: Removed temporary tablespace data file: "ibtmp1"
2025-08-12  8:28:50 0 [Note] InnoDB: Creating shared tablespace for temporary tables
2025-08-12  8:28:50 0 [Note] InnoDB: Setting file 'C:\xampp\mysql\data\ibtmp1' size to 12 MB. Physically writing the file full; Please wait ...
2025-08-12  8:28:50 0 [Note] InnoDB: File 'C:\xampp\mysql\data\ibtmp1' size is now 12 MB.
2025-08-12  8:28:50 0 [Note] InnoDB: Waiting for purge to start
2025-08-12  8:28:50 0 [Note] InnoDB: 10.4.32 started; log sequence number 34932456; transaction id 27692
2025-08-12  8:28:50 0 [Note] InnoDB: Loading buffer pool(s) from C:\xampp\mysql\data\ib_buffer_pool
2025-08-12  8:28:50 0 [Note] Plugin 'FEEDBACK' is disabled.
2025-08-12  8:28:50 0 [Note] InnoDB: Buffer pool(s) load completed at 250812  8:28:50
2025-08-12  8:28:50 0 [Note] Server socket created on IP: '::'.
2025-08-13  8:26:32 0 [Note] Starting MariaDB 10.4.32-MariaDB source revision c4143f909528e3fab0677a28631d10389354c491 as process 3660
2025-08-13  8:26:33 0 [Note] InnoDB: Mutexes and rw_locks use Windows interlocked functions
2025-08-13  8:26:33 0 [Note] InnoDB: Uses event mutexes
2025-08-13  8:26:33 0 [Note] InnoDB: Compressed tables use zlib 1.3
2025-08-13  8:26:33 0 [Note] InnoDB: Number of pools: 1
2025-08-13  8:26:33 0 [Note] InnoDB: Using SSE2 crc32 instructions
2025-08-13  8:26:33 0 [Note] InnoDB: Initializing buffer pool, total size = 16M, instances = 1, chunk size = 16M
2025-08-13  8:26:33 0 [Note] InnoDB: Completed initialization of buffer pool
2025-08-13  8:26:33 0 [Note] InnoDB: Starting crash recovery from checkpoint LSN=35222113
2025-08-13  8:26:34 0 [Note] InnoDB: 128 out of 128 rollback segments are active.
2025-08-13  8:26:34 0 [Note] InnoDB: Removed temporary tablespace data file: "ibtmp1"
2025-08-13  8:26:34 0 [Note] InnoDB: Creating shared tablespace for temporary tables
2025-08-13  8:26:34 0 [Note] InnoDB: Setting file 'C:\xampp\mysql\data\ibtmp1' size to 12 MB. Physically writing the file full; Please wait ...
2025-08-13  8:26:34 0 [Note] InnoDB: File 'C:\xampp\mysql\data\ibtmp1' size is now 12 MB.
2025-08-13  8:26:34 0 [Note] InnoDB: Waiting for purge to start
2025-08-13  8:26:34 0 [Note] InnoDB: 10.4.32 started; log sequence number 35222122; transaction id 28973
2025-08-13  8:26:34 0 [Note] InnoDB: Loading buffer pool(s) from C:\xampp\mysql\data\ib_buffer_pool
2025-08-13  8:26:34 0 [Note] Plugin 'FEEDBACK' is disabled.
2025-08-13  8:26:34 0 [Note] InnoDB: Buffer pool(s) load completed at 250813  8:26:34
2025-08-13  8:26:34 0 [Note] Server socket created on IP: '::'.
2025-08-18 19:29:33 0 [Note] Starting MariaDB 10.4.32-MariaDB source revision c4143f909528e3fab0677a28631d10389354c491 as process 20476
2025-08-18 19:29:33 0 [Note] InnoDB: Mutexes and rw_locks use Windows interlocked functions
2025-08-18 19:29:33 0 [Note] InnoDB: Uses event mutexes
2025-08-18 19:29:33 0 [Note] InnoDB: Compressed tables use zlib 1.3
2025-08-18 19:29:33 0 [Note] InnoDB: Number of pools: 1
2025-08-18 19:29:33 0 [Note] InnoDB: Using SSE2 crc32 instructions
2025-08-18 19:29:33 0 [Note] InnoDB: Initializing buffer pool, total size = 16M, instances = 1, chunk size = 16M
2025-08-18 19:29:33 0 [Note] InnoDB: Completed initialization of buffer pool
2025-08-18 19:29:33 0 [Note] InnoDB: Starting crash recovery from checkpoint LSN=35241343
2025-08-18 19:29:39 0 [Note] Starting MariaDB 10.4.32-MariaDB source revision c4143f909528e3fab0677a28631d10389354c491 as process 23088
2025-08-18 19:29:39 0 [Note] InnoDB: Mutexes and rw_locks use Windows interlocked functions
2025-08-18 19:29:39 0 [Note] InnoDB: Uses event mutexes
2025-08-18 19:29:39 0 [Note] InnoDB: Compressed tables use zlib 1.3
2025-08-18 19:29:39 0 [Note] InnoDB: Number of pools: 1
2025-08-18 19:29:39 0 [Note] InnoDB: Using SSE2 crc32 instructions
2025-08-18 19:29:39 0 [Note] InnoDB: Initializing buffer pool, total size = 16M, instances = 1, chunk size = 16M
2025-08-18 19:29:39 0 [Note] InnoDB: Completed initialization of buffer pool
2025-08-18 19:29:39 0 [Note] InnoDB: Starting crash recovery from checkpoint LSN=35241343
2025-08-18 19:29:39 0 [Note] InnoDB: 128 out of 128 rollback segments are active.
2025-08-18 19:29:39 0 [Note] InnoDB: Removed temporary tablespace data file: "ibtmp1"
2025-08-18 19:29:39 0 [Note] InnoDB: Creating shared tablespace for temporary tables
2025-08-18 19:29:39 0 [Note] InnoDB: Setting file 'C:\xampp\mysql\data\ibtmp1' size to 12 MB. Physically writing the file full; Please wait ...
2025-08-18 19:29:39 0 [Note] InnoDB: File 'C:\xampp\mysql\data\ibtmp1' size is now 12 MB.
2025-08-18 19:29:39 0 [Note] InnoDB: Waiting for purge to start
2025-08-18 19:29:39 0 [Note] InnoDB: 10.4.32 started; log sequence number 35241352; transaction id 29064
2025-08-18 19:29:39 0 [Note] InnoDB: Loading buffer pool(s) from C:\xampp\mysql\data\ib_buffer_pool
2025-08-18 19:29:39 0 [Note] Plugin 'FEEDBACK' is disabled.
2025-08-18 19:29:40 0 [Note] InnoDB: Buffer pool(s) load completed at 250818 19:29:40
2025-08-18 19:29:40 0 [Note] Server socket created on IP: '::'.
2025-09-12 19:18:33 0 [Note] Starting MariaDB 10.4.32-MariaDB source revision c4143f909528e3fab0677a28631d10389354c491 as process 20584
2025-09-12 19:18:33 0 [Note] InnoDB: Mutexes and rw_locks use Windows interlocked functions
2025-09-12 19:18:33 0 [Note] InnoDB: Uses event mutexes
2025-09-12 19:18:33 0 [Note] InnoDB: Compressed tables use zlib 1.3
2025-09-12 19:18:33 0 [Note] InnoDB: Number of pools: 1
2025-09-12 19:18:33 0 [Note] InnoDB: Using SSE2 crc32 instructions
2025-09-12 19:18:33 0 [Note] InnoDB: Initializing buffer pool, total size = 16M, instances = 1, chunk size = 16M
2025-09-12 19:18:33 0 [Note] InnoDB: Completed initialization of buffer pool
2025-09-12 19:18:33 0 [Note] InnoDB: Starting crash recovery from checkpoint LSN=35361727
2025-09-12 19:18:34 0 [Note] InnoDB: 128 out of 128 rollback segments are active.
2025-09-12 19:18:34 0 [Note] InnoDB: Removed temporary tablespace data file: "ibtmp1"
2025-09-12 19:18:34 0 [Note] InnoDB: Creating shared tablespace for temporary tables
2025-09-12 19:18:34 0 [Note] InnoDB: Setting file 'C:\xampp\mysql\data\ibtmp1' size to 12 MB. Physically writing the file full; Please wait ...
2025-09-12 19:18:34 0 [Note] InnoDB: File 'C:\xampp\mysql\data\ibtmp1' size is now 12 MB.
2025-09-12 19:18:34 0 [Note] InnoDB: Waiting for purge to start
2025-09-12 19:18:34 0 [Note] InnoDB: 10.4.32 started; log sequence number 35361736; transaction id 29283
2025-09-12 19:18:34 0 [Note] InnoDB: Loading buffer pool(s) from C:\xampp\mysql\data\ib_buffer_pool
2025-09-12 19:18:34 0 [Note] Plugin 'FEEDBACK' is disabled.
2025-09-12 19:18:34 0 [Note] InnoDB: Buffer pool(s) load completed at 250912 19:18:34
2025-09-12 19:18:34 0 [Note] Server socket created on IP: '::'.
2025-09-12 22:40:39 0 [Note] Starting MariaDB 10.4.32-MariaDB source revision c4143f909528e3fab0677a28631d10389354c491 as process 7692
2025-09-12 22:40:39 0 [Note] InnoDB: Mutexes and rw_locks use Windows interlocked functions
2025-09-12 22:40:39 0 [Note] InnoDB: Uses event mutexes
2025-09-12 22:40:39 0 [Note] InnoDB: Compressed tables use zlib 1.3
2025-09-12 22:40:39 0 [Note] InnoDB: Number of pools: 1
2025-09-12 22:40:39 0 [Note] InnoDB: Using SSE2 crc32 instructions
2025-09-12 22:40:39 0 [Note] InnoDB: Initializing buffer pool, total size = 16M, instances = 1, chunk size = 16M
2025-09-12 22:40:39 0 [Note] InnoDB: Completed initialization of buffer pool
2025-09-12 22:40:39 0 [Note] InnoDB: Starting crash recovery from checkpoint LSN=37251846
2025-09-12 22:40:40 0 [Note] InnoDB: 128 out of 128 rollback segments are active.
2025-09-12 22:40:40 0 [Note] InnoDB: Removed temporary tablespace data file: "ibtmp1"
2025-09-12 22:40:40 0 [Note] InnoDB: Creating shared tablespace for temporary tables
2025-09-12 22:40:40 0 [Note] InnoDB: Setting file 'C:\xampp\mysql\data\ibtmp1' size to 12 MB. Physically writing the file full; Please wait ...
2025-09-12 22:40:40 0 [Note] InnoDB: File 'C:\xampp\mysql\data\ibtmp1' size is now 12 MB.
2025-09-12 22:40:40 0 [Note] InnoDB: Waiting for purge to start
2025-09-12 22:40:41 0 [Note] InnoDB: 10.4.32 started; log sequence number 37251855; transaction id 30247
2025-09-12 22:40:41 0 [Note] InnoDB: Loading buffer pool(s) from C:\xampp\mysql\data\ib_buffer_pool
2025-09-12 22:40:41 0 [Note] Plugin 'FEEDBACK' is disabled.
2025-09-12 22:40:41 0 [Note] InnoDB: Buffer pool(s) load completed at 250912 22:40:41
2025-09-12 22:40:41 0 [Note] Server socket created on IP: '::'.
2025-09-19  8:25:27 0 [Note] Starting MariaDB 10.4.32-MariaDB source revision c4143f909528e3fab0677a28631d10389354c491 as process 28604
2025-09-19  8:25:27 0 [Note] InnoDB: Mutexes and rw_locks use Windows interlocked functions
2025-09-19  8:25:27 0 [Note] InnoDB: Uses event mutexes
2025-09-19  8:25:27 0 [Note] InnoDB: Compressed tables use zlib 1.3
2025-09-19  8:25:27 0 [Note] InnoDB: Number of pools: 1
2025-09-19  8:25:27 0 [Note] InnoDB: Using SSE2 crc32 instructions
2025-09-19  8:25:27 0 [Note] InnoDB: Initializing buffer pool, total size = 16M, instances = 1, chunk size = 16M
2025-09-19  8:25:27 0 [Note] InnoDB: Completed initialization of buffer pool
2025-09-19  8:25:27 0 [Note] InnoDB: Starting crash recovery from checkpoint LSN=37283426
2025-09-19  8:25:28 0 [Note] InnoDB: 128 out of 128 rollback segments are active.
2025-09-19  8:25:28 0 [Note] InnoDB: Removed temporary tablespace data file: "ibtmp1"
2025-09-19  8:25:28 0 [Note] InnoDB: Creating shared tablespace for temporary tables
2025-09-19  8:25:28 0 [Note] InnoDB: Setting file 'C:\xampp\mysql\data\ibtmp1' size to 12 MB. Physically writing the file full; Please wait ...
2025-09-19  8:25:28 0 [Note] InnoDB: File 'C:\xampp\mysql\data\ibtmp1' size is now 12 MB.
2025-09-19  8:25:28 0 [Note] InnoDB: Waiting for purge to start
2025-09-19  8:25:28 0 [Note] InnoDB: 10.4.32 started; log sequence number 37283435; transaction id 30396
2025-09-19  8:25:28 0 [Note] InnoDB: Loading buffer pool(s) from C:\xampp\mysql\data\ib_buffer_pool
2025-09-19  8:25:28 0 [Note] Plugin 'FEEDBACK' is disabled.
2025-09-19  8:25:28 0 [Note] InnoDB: Buffer pool(s) load completed at 250919  8:25:28
2025-09-19  8:25:28 0 [Note] Server socket created on IP: '::'.
2025-09-24 11:32:11 0 [Note] Starting MariaDB 10.4.32-MariaDB source revision c4143f909528e3fab0677a28631d10389354c491 as process 7100
2025-09-24 11:32:11 0 [Note] InnoDB: Mutexes and rw_locks use Windows interlocked functions
2025-09-24 11:32:11 0 [Note] InnoDB: Uses event mutexes
2025-09-24 11:32:11 0 [Note] InnoDB: Compressed tables use zlib 1.3
2025-09-24 11:32:11 0 [Note] InnoDB: Number of pools: 1
2025-09-24 11:32:11 0 [Note] InnoDB: Using SSE2 crc32 instructions
2025-09-24 11:32:11 0 [Note] InnoDB: Initializing buffer pool, total size = 16M, instances = 1, chunk size = 16M
2025-09-24 11:32:11 0 [Note] InnoDB: Completed initialization of buffer pool
2025-09-24 11:32:11 0 [Note] InnoDB: Starting crash recovery from checkpoint LSN=37298469
2025-09-24 11:32:12 0 [Note] InnoDB: 128 out of 128 rollback segments are active.
2025-09-24 11:32:12 0 [Note] InnoDB: Removed temporary tablespace data file: "ibtmp1"
2025-09-24 11:32:12 0 [Note] InnoDB: Creating shared tablespace for temporary tables
2025-09-24 11:32:12 0 [Note] InnoDB: Setting file 'C:\xampp\mysql\data\ibtmp1' size to 12 MB. Physically writing the file full; Please wait ...
2025-09-24 11:32:12 0 [Note] InnoDB: File 'C:\xampp\mysql\data\ibtmp1' size is now 12 MB.
2025-09-24 11:32:12 0 [Note] InnoDB: Waiting for purge to start
2025-09-24 11:32:12 0 [Note] InnoDB: 10.4.32 started; log sequence number 37298478; transaction id 30483
2025-09-24 11:32:12 0 [Note] InnoDB: Loading buffer pool(s) from C:\xampp\mysql\data\ib_buffer_pool
2025-09-24 11:32:12 0 [Note] Plugin 'FEEDBACK' is disabled.
2025-09-24 11:32:12 0 [Note] InnoDB: Buffer pool(s) load completed at 250924 11:32:12
2025-09-24 11:32:12 0 [Note] Server socket created on IP: '::'.
2025-09-24 21:31:59 0 [Note] Starting MariaDB 10.4.32-MariaDB source revision c4143f909528e3fab0677a28631d10389354c491 as process 6348
2025-09-24 21:31:59 0 [Note] InnoDB: Mutexes and rw_locks use Windows interlocked functions
2025-09-24 21:31:59 0 [Note] InnoDB: Uses event mutexes
2025-09-24 21:31:59 0 [Note] InnoDB: Compressed tables use zlib 1.3
2025-09-24 21:31:59 0 [Note] InnoDB: Number of pools: 1
2025-09-24 21:31:59 0 [Note] InnoDB: Using SSE2 crc32 instructions
2025-09-24 21:31:59 0 [Note] InnoDB: Initializing buffer pool, total size = 16M, instances = 1, chunk size = 16M
2025-09-24 21:31:59 0 [Note] InnoDB: Completed initialization of buffer pool
2025-09-24 21:31:59 0 [Note] InnoDB: Starting crash recovery from checkpoint LSN=37298469
2025-09-24 21:32:01 0 [Note] InnoDB: 128 out of 128 rollback segments are active.
2025-09-24 21:32:01 0 [Note] InnoDB: Removed temporary tablespace data file: "ibtmp1"
2025-09-24 21:32:01 0 [Note] InnoDB: Creating shared tablespace for temporary tables
2025-09-24 21:32:01 0 [Note] InnoDB: Setting file 'C:\xampp\mysql\data\ibtmp1' size to 12 MB. Physically writing the file full; Please wait ...
2025-09-24 21:32:01 0 [Note] InnoDB: File 'C:\xampp\mysql\data\ibtmp1' size is now 12 MB.
2025-09-24 21:32:01 0 [Note] InnoDB: Waiting for purge to start
2025-09-24 21:32:01 0 [Note] InnoDB: 10.4.32 started; log sequence number 37298496; transaction id 30483
2025-09-24 21:32:01 0 [Note] InnoDB: Loading buffer pool(s) from C:\xampp\mysql\data\ib_buffer_pool
2025-09-24 21:32:01 0 [Note] Plugin 'FEEDBACK' is disabled.
2025-09-24 21:32:01 0 [Note] InnoDB: Buffer pool(s) load completed at 250924 21:32:01
2025-09-24 21:32:01 0 [Note] Server socket created on IP: '::'.
2025-09-26 12:05:55 0 [Note] Starting MariaDB 10.4.32-MariaDB source revision c4143f909528e3fab0677a28631d10389354c491 as process 2144
2025-09-26 12:05:55 0 [Note] InnoDB: Mutexes and rw_locks use Windows interlocked functions
2025-09-26 12:05:55 0 [Note] InnoDB: Uses event mutexes
2025-09-26 12:05:55 0 [Note] InnoDB: Compressed tables use zlib 1.3
2025-09-26 12:05:55 0 [Note] InnoDB: Number of pools: 1
2025-09-26 12:05:55 0 [Note] InnoDB: Using SSE2 crc32 instructions
2025-09-26 12:05:55 0 [Note] InnoDB: Initializing buffer pool, total size = 16M, instances = 1, chunk size = 16M
2025-09-26 12:05:55 0 [Note] InnoDB: Completed initialization of buffer pool
2025-09-26 12:05:55 0 [Note] InnoDB: Starting crash recovery from checkpoint LSN=37471429
2025-09-26 12:05:55 0 [Note] InnoDB: 128 out of 128 rollback segments are active.
2025-09-26 12:05:55 0 [Note] InnoDB: Removed temporary tablespace data file: "ibtmp1"
2025-09-26 12:05:55 0 [Note] InnoDB: Creating shared tablespace for temporary tables
2025-09-26 12:05:55 0 [Note] InnoDB: Setting file 'C:\xampp\mysql\data\ibtmp1' size to 12 MB. Physically writing the file full; Please wait ...
2025-09-26 12:05:55 0 [Note] InnoDB: File 'C:\xampp\mysql\data\ibtmp1' size is now 12 MB.
2025-09-26 12:05:55 0 [Note] InnoDB: Waiting for purge to start
2025-09-26 12:05:55 0 [Note] InnoDB: 10.4.32 started; log sequence number 37471438; transaction id 30703
2025-09-26 12:05:55 0 [Note] InnoDB: Loading buffer pool(s) from C:\xampp\mysql\data\ib_buffer_pool
2025-09-26 12:05:55 0 [Note] Plugin 'FEEDBACK' is disabled.
2025-09-26 12:05:55 0 [Note] InnoDB: Buffer pool(s) load completed at 250926 12:05:55
2025-09-26 12:05:55 0 [Note] Server socket created on IP: '::'.
2025-09-29  3:14:44 0 [Note] Starting MariaDB 10.4.32-MariaDB source revision c4143f909528e3fab0677a28631d10389354c491 as process 23884
2025-09-29  3:14:44 0 [Note] InnoDB: Mutexes and rw_locks use Windows interlocked functions
2025-09-29  3:14:44 0 [Note] InnoDB: Uses event mutexes
2025-09-29  3:14:44 0 [Note] InnoDB: Compressed tables use zlib 1.3
2025-09-29  3:14:44 0 [Note] InnoDB: Number of pools: 1
2025-09-29  3:14:44 0 [Note] InnoDB: Using SSE2 crc32 instructions
2025-09-29  3:14:44 0 [Note] InnoDB: Initializing buffer pool, total size = 16M, instances = 1, chunk size = 16M
2025-09-29  3:14:44 0 [Note] InnoDB: Completed initialization of buffer pool
2025-09-29  3:14:44 0 [Note] InnoDB: Starting crash recovery from checkpoint LSN=37652699
2025-09-29  3:14:45 0 [Note] InnoDB: 128 out of 128 rollback segments are active.
2025-09-29  3:14:45 0 [Note] InnoDB: Removed temporary tablespace data file: "ibtmp1"
2025-09-29  3:14:45 0 [Note] InnoDB: Creating shared tablespace for temporary tables
2025-09-29  3:14:45 0 [Note] InnoDB: Setting file 'C:\xampp\mysql\data\ibtmp1' size to 12 MB. Physically writing the file full; Please wait ...
2025-09-29  3:14:45 0 [Note] InnoDB: File 'C:\xampp\mysql\data\ibtmp1' size is now 12 MB.
2025-09-29  3:14:45 0 [Note] InnoDB: Waiting for purge to start
2025-09-29  3:14:45 0 [Note] InnoDB: 10.4.32 started; log sequence number 37652708; transaction id 30795
2025-09-29  3:14:45 0 [Note] InnoDB: Loading buffer pool(s) from C:\xampp\mysql\data\ib_buffer_pool
2025-09-29  3:14:45 0 [Note] Plugin 'FEEDBACK' is disabled.
2025-09-29  3:14:45 0 [Note] InnoDB: Buffer pool(s) load completed at 250929  3:14:45
2025-09-29  3:14:45 0 [Note] Server socket created on IP: '::'.
2025-10-06 18:37:29 0 [Note] Starting MariaDB 10.4.32-MariaDB source revision c4143f909528e3fab0677a28631d10389354c491 as process 22436
2025-10-06 18:37:30 0 [Note] InnoDB: Mutexes and rw_locks use Windows interlocked functions
2025-10-06 18:37:30 0 [Note] InnoDB: Uses event mutexes
2025-10-06 18:37:30 0 [Note] InnoDB: Compressed tables use zlib 1.3
2025-10-06 18:37:30 0 [Note] InnoDB: Number of pools: 1
2025-10-06 18:37:30 0 [Note] InnoDB: Using SSE2 crc32 instructions
2025-10-06 18:37:30 0 [Note] InnoDB: Initializing buffer pool, total size = 16M, instances = 1, chunk size = 16M
2025-10-06 18:37:30 0 [Note] InnoDB: Completed initialization of buffer pool
2025-10-06 18:37:30 0 [Note] InnoDB: Starting crash recovery from checkpoint LSN=37659187
2025-10-06 18:37:31 0 [Note] InnoDB: 128 out of 128 rollback segments are active.
2025-10-06 18:37:31 0 [Note] InnoDB: Removed temporary tablespace data file: "ibtmp1"
2025-10-06 18:37:31 0 [Note] InnoDB: Creating shared tablespace for temporary tables
2025-10-06 18:37:31 0 [Note] InnoDB: Setting file 'C:\xampp\mysql\data\ibtmp1' size to 12 MB. Physically writing the file full; Please wait ...
2025-10-06 18:37:31 0 [Note] InnoDB: File 'C:\xampp\mysql\data\ibtmp1' size is now 12 MB.
2025-10-06 18:37:32 0 [Note] InnoDB: Waiting for purge to start
2025-10-06 18:37:32 0 [Note] InnoDB: 10.4.32 started; log sequence number 37659196; transaction id 30823
2025-10-06 18:37:32 0 [Note] InnoDB: Loading buffer pool(s) from C:\xampp\mysql\data\ib_buffer_pool
2025-10-06 18:37:32 0 [Note] Plugin 'FEEDBACK' is disabled.
2025-10-06 18:37:32 0 [Note] InnoDB: Buffer pool(s) load completed at 251006 18:37:32
2025-10-06 18:37:32 0 [Note] Server socket created on IP: '::'.
2025-10-14 10:47:36 0 [Note] Starting MariaDB 10.4.32-MariaDB source revision c4143f909528e3fab0677a28631d10389354c491 as process 28936
2025-10-14 10:47:36 0 [Note] InnoDB: Mutexes and rw_locks use Windows interlocked functions
2025-10-14 10:47:36 0 [Note] InnoDB: Uses event mutexes
2025-10-14 10:47:36 0 [Note] InnoDB: Compressed tables use zlib 1.3
2025-10-14 10:47:36 0 [Note] InnoDB: Number of pools: 1
2025-10-14 10:47:36 0 [Note] InnoDB: Using SSE2 crc32 instructions
2025-10-14 10:47:36 0 [Note] InnoDB: Initializing buffer pool, total size = 16M, instances = 1, chunk size = 16M
2025-10-14 10:47:36 0 [Note] InnoDB: Completed initialization of buffer pool
2025-10-14 10:47:36 0 [Note] InnoDB: Starting crash recovery from checkpoint LSN=37659187
2025-10-14 10:47:37 0 [Note] InnoDB: 128 out of 128 rollback segments are active.
2025-10-14 10:47:37 0 [Note] InnoDB: Removed temporary tablespace data file: "ibtmp1"
2025-10-14 10:47:37 0 [Note] InnoDB: Creating shared tablespace for temporary tables
2025-10-14 10:47:37 0 [Note] InnoDB: Setting file 'C:\xampp\mysql\data\ibtmp1' size to 12 MB. Physically writing the file full; Please wait ...
2025-10-14 10:47:37 0 [Note] InnoDB: File 'C:\xampp\mysql\data\ibtmp1' size is now 12 MB.
2025-10-14 10:47:37 0 [Note] InnoDB: Waiting for purge to start
2025-10-14 10:47:37 0 [Note] InnoDB: 10.4.32 started; log sequence number 37659214; transaction id 30823
2025-10-14 10:47:37 0 [Note] InnoDB: Loading buffer pool(s) from C:\xampp\mysql\data\ib_buffer_pool
2025-10-14 10:47:37 0 [Note] Plugin 'FEEDBACK' is disabled.
2025-10-14 10:47:38 0 [Note] InnoDB: Buffer pool(s) load completed at 251014 10:47:38
2025-10-14 10:47:38 0 [Note] Server socket created on IP: '::'.
2025-10-17 11:49:03 0 [Note] Starting MariaDB 10.4.32-MariaDB source revision c4143f909528e3fab0677a28631d10389354c491 as process 22324
2025-10-17 11:49:03 0 [Note] InnoDB: Mutexes and rw_locks use Windows interlocked functions
2025-10-17 11:49:03 0 [Note] InnoDB: Uses event mutexes
2025-10-17 11:49:03 0 [Note] InnoDB: Compressed tables use zlib 1.3
2025-10-17 11:49:03 0 [Note] InnoDB: Number of pools: 1
2025-10-17 11:49:03 0 [Note] InnoDB: Using SSE2 crc32 instructions
2025-10-17 11:49:03 0 [Note] InnoDB: Initializing buffer pool, total size = 16M, instances = 1, chunk size = 16M
2025-10-17 11:49:03 0 [Note] InnoDB: Completed initialization of buffer pool
2025-10-17 11:49:03 0 [Note] InnoDB: Starting crash recovery from checkpoint LSN=37659223
2025-10-17 11:49:04 0 [Note] InnoDB: 128 out of 128 rollback segments are active.
2025-10-17 11:49:04 0 [Note] InnoDB: Removed temporary tablespace data file: "ibtmp1"
2025-10-17 11:49:04 0 [Note] InnoDB: Creating shared tablespace for temporary tables
2025-10-17 11:49:04 0 [Note] InnoDB: Setting file 'C:\xampp\mysql\data\ibtmp1' size to 12 MB. Physically writing the file full; Please wait ...
2025-10-17 11:49:04 0 [Note] InnoDB: File 'C:\xampp\mysql\data\ibtmp1' size is now 12 MB.
2025-10-17 11:49:04 0 [Note] InnoDB: Waiting for purge to start
2025-10-17 11:49:04 0 [Note] InnoDB: 10.4.32 started; log sequence number 37659232; transaction id 30823
2025-10-17 11:49:04 0 [Note] InnoDB: Loading buffer pool(s) from C:\xampp\mysql\data\ib_buffer_pool
2025-10-17 11:49:04 0 [Note] Plugin 'FEEDBACK' is disabled.
2025-10-17 11:49:04 0 [Note] InnoDB: Buffer pool(s) load completed at 251017 11:49:04
2025-10-17 11:49:04 0 [Note] Server socket created on IP: '::'.
2025-10-20 23:13:12 0 [Note] Starting MariaDB 10.4.32-MariaDB source revision c4143f909528e3fab0677a28631d10389354c491 as process 15832
2025-10-20 23:13:12 0 [Note] InnoDB: Mutexes and rw_locks use Windows interlocked functions
2025-10-20 23:13:12 0 [Note] InnoDB: Uses event mutexes
2025-10-20 23:13:12 0 [Note] InnoDB: Compressed tables use zlib 1.3
2025-10-20 23:13:12 0 [Note] InnoDB: Number of pools: 1
2025-10-20 23:13:12 0 [Note] InnoDB: Using SSE2 crc32 instructions
2025-10-20 23:13:12 0 [Note] InnoDB: Initializing buffer pool, total size = 16M, instances = 1, chunk size = 16M
2025-10-20 23:13:12 0 [Note] InnoDB: Completed initialization of buffer pool
2025-10-20 23:13:12 0 [Note] InnoDB: Starting crash recovery from checkpoint LSN=38789195
2025-10-20 23:13:13 0 [Note] InnoDB: 128 out of 128 rollback segments are active.
2025-10-20 23:13:13 0 [Note] InnoDB: Removed temporary tablespace data file: "ibtmp1"
2025-10-20 23:13:13 0 [Note] InnoDB: Creating shared tablespace for temporary tables
2025-10-20 23:13:13 0 [Note] InnoDB: Setting file 'C:\xampp\mysql\data\ibtmp1' size to 12 MB. Physically writing the file full; Please wait ...
2025-10-20 23:13:13 0 [Note] InnoDB: File 'C:\xampp\mysql\data\ibtmp1' size is now 12 MB.
2025-10-20 23:13:13 0 [Note] InnoDB: Waiting for purge to start
2025-10-20 23:13:13 0 [Note] InnoDB: 10.4.32 started; log sequence number 38789204; transaction id 31077
2025-10-20 23:13:13 0 [Note] InnoDB: Loading buffer pool(s) from C:\xampp\mysql\data\ib_buffer_pool
2025-10-20 23:13:13 0 [Note] Plugin 'FEEDBACK' is disabled.
2025-10-20 23:13:13 0 [Note] InnoDB: Buffer pool(s) load completed at 251020 23:13:13
2025-10-20 23:13:13 0 [Note] Server socket created on IP: '::'.
2025-10-28 14:10:53 0 [Note] Starting MariaDB 10.4.32-MariaDB source revision c4143f909528e3fab0677a28631d10389354c491 as process 23412
2025-10-28 14:10:53 0 [Note] InnoDB: Mutexes and rw_locks use Windows interlocked functions
2025-10-28 14:10:53 0 [Note] InnoDB: Uses event mutexes
2025-10-28 14:10:53 0 [Note] InnoDB: Compressed tables use zlib 1.3
2025-10-28 14:10:53 0 [Note] InnoDB: Number of pools: 1
2025-10-28 14:10:53 0 [Note] InnoDB: Using SSE2 crc32 instructions
2025-10-28 14:10:53 0 [Note] InnoDB: Initializing buffer pool, total size = 16M, instances = 1, chunk size = 16M
2025-10-28 14:10:53 0 [Note] InnoDB: Completed initialization of buffer pool
2025-10-28 14:10:53 0 [Note] InnoDB: Starting crash recovery from checkpoint LSN=38789213
2025-10-28 14:10:55 0 [Note] InnoDB: 128 out of 128 rollback segments are active.
2025-10-28 14:10:55 0 [Note] InnoDB: Removed temporary tablespace data file: "ibtmp1"
2025-10-28 14:10:55 0 [Note] InnoDB: Creating shared tablespace for temporary tables
2025-10-28 14:10:55 0 [Note] InnoDB: Setting file 'C:\xampp\mysql\data\ibtmp1' size to 12 MB. Physically writing the file full; Please wait ...
2025-10-28 14:10:55 0 [Note] InnoDB: File 'C:\xampp\mysql\data\ibtmp1' size is now 12 MB.
2025-10-28 14:10:55 0 [Note] InnoDB: Waiting for purge to start
2025-10-28 14:10:55 0 [Note] InnoDB: 10.4.32 started; log sequence number 38789222; transaction id 31077
2025-10-28 14:10:55 0 [Note] InnoDB: Loading buffer pool(s) from C:\xampp\mysql\data\ib_buffer_pool
2025-10-28 14:10:56 0 [Note] Plugin 'FEEDBACK' is disabled.
2025-10-28 14:10:56 0 [Note] InnoDB: Buffer pool(s) load completed at 251028 14:10:56
2025-10-28 14:10:56 0 [Note] Server socket created on IP: '::'.
2025-10-28 14:11:02 0 [Note] Starting MariaDB 10.4.32-MariaDB source revision c4143f909528e3fab0677a28631d10389354c491 as process 12996
2025-10-28 14:11:02 0 [Note] InnoDB: Mutexes and rw_locks use Windows interlocked functions
2025-10-28 14:11:02 0 [Note] InnoDB: Uses event mutexes
2025-10-28 14:11:02 0 [Note] InnoDB: Compressed tables use zlib 1.3
2025-10-28 14:11:02 0 [Note] InnoDB: Number of pools: 1
2025-10-28 14:11:02 0 [Note] InnoDB: Using SSE2 crc32 instructions
2025-10-28 14:11:02 0 [Note] InnoDB: Initializing buffer pool, total size = 16M, instances = 1, chunk size = 16M
2025-10-28 14:11:02 0 [Note] InnoDB: Completed initialization of buffer pool
2025-10-28 14:11:02 0 [Note] InnoDB: Starting crash recovery from checkpoint LSN=38789231
2025-10-28 14:11:03 0 [Note] InnoDB: 128 out of 128 rollback segments are active.
2025-10-28 14:11:03 0 [Note] InnoDB: Removed temporary tablespace data file: "ibtmp1"
2025-10-28 14:11:03 0 [Note] InnoDB: Creating shared tablespace for temporary tables
2025-10-28 14:11:03 0 [Note] InnoDB: Setting file 'C:\xampp\mysql\data\ibtmp1' size to 12 MB. Physically writing the file full; Please wait ...
2025-10-28 14:11:03 0 [Note] InnoDB: File 'C:\xampp\mysql\data\ibtmp1' size is now 12 MB.
2025-10-28 14:11:03 0 [Note] InnoDB: Waiting for purge to start
2025-10-28 14:11:03 0 [Note] InnoDB: 10.4.32 started; log sequence number 38789240; transaction id 31077
2025-10-28 14:11:03 0 [Note] InnoDB: Loading buffer pool(s) from C:\xampp\mysql\data\ib_buffer_pool
2025-10-28 14:11:03 0 [Note] Plugin 'FEEDBACK' is disabled.
2025-10-28 14:11:03 0 [Note] Server socket created on IP: '::'.
2025-10-28 14:11:07 0 [Note] Starting MariaDB 10.4.32-MariaDB source revision c4143f909528e3fab0677a28631d10389354c491 as process 23004
2025-10-28 14:11:07 0 [Note] InnoDB: Mutexes and rw_locks use Windows interlocked functions
2025-10-28 14:11:07 0 [Note] InnoDB: Uses event mutexes
2025-10-28 14:11:07 0 [Note] InnoDB: Compressed tables use zlib 1.3
2025-10-28 14:11:07 0 [Note] InnoDB: Number of pools: 1
2025-10-28 14:11:07 0 [Note] InnoDB: Using SSE2 crc32 instructions
2025-10-28 14:11:07 0 [Note] InnoDB: Initializing buffer pool, total size = 16M, instances = 1, chunk size = 16M
2025-10-28 14:11:07 0 [Note] InnoDB: Completed initialization of buffer pool
2025-10-28 14:11:07 0 [Note] InnoDB: Starting crash recovery from checkpoint LSN=38789249
2025-10-28 14:11:07 0 [Note] InnoDB: 128 out of 128 rollback segments are active.
2025-10-28 14:11:07 0 [Note] InnoDB: Removed temporary tablespace data file: "ibtmp1"
2025-10-28 14:11:07 0 [Note] InnoDB: Creating shared tablespace for temporary tables
2025-10-28 14:11:07 0 [Note] InnoDB: Setting file 'C:\xampp\mysql\data\ibtmp1' size to 12 MB. Physically writing the file full; Please wait ...
2025-10-28 14:11:07 0 [Note] InnoDB: File 'C:\xampp\mysql\data\ibtmp1' size is now 12 MB.
2025-10-28 14:11:07 0 [Note] InnoDB: Waiting for purge to start
2025-10-28 14:11:07 0 [Note] InnoDB: 10.4.32 started; log sequence number 38789258; transaction id 31077
2025-10-28 14:11:07 0 [Note] InnoDB: Loading buffer pool(s) from C:\xampp\mysql\data\ib_buffer_pool
2025-10-28 14:11:07 0 [Note] Plugin 'FEEDBACK' is disabled.
2025-10-28 14:11:07 0 [Note] Server socket created on IP: '::'.
2025-10-28 14:11:08 0 [Note] Starting MariaDB 10.4.32-MariaDB source revision c4143f909528e3fab0677a28631d10389354c491 as process 11616
2025-10-28 14:11:08 0 [Note] InnoDB: Mutexes and rw_locks use Windows interlocked functions
2025-10-28 14:11:08 0 [Note] InnoDB: Uses event mutexes
2025-10-28 14:11:08 0 [Note] InnoDB: Compressed tables use zlib 1.3
2025-10-28 14:11:08 0 [Note] InnoDB: Number of pools: 1
2025-10-28 14:11:08 0 [Note] InnoDB: Using SSE2 crc32 instructions
2025-10-28 14:11:08 0 [Note] InnoDB: Initializing buffer pool, total size = 16M, instances = 1, chunk size = 16M
2025-10-28 14:11:08 0 [Note] InnoDB: Completed initialization of buffer pool
2025-10-28 14:11:08 0 [Note] InnoDB: Starting crash recovery from checkpoint LSN=38789249
2025-10-28 14:11:09 0 [Note] InnoDB: 128 out of 128 rollback segments are active.
2025-10-28 14:11:09 0 [Note] InnoDB: Removed temporary tablespace data file: "ibtmp1"
2025-10-28 14:11:09 0 [Note] InnoDB: Creating shared tablespace for temporary tables
2025-10-28 14:11:09 0 [Note] InnoDB: Setting file 'C:\xampp\mysql\data\ibtmp1' size to 12 MB. Physically writing the file full; Please wait ...
2025-10-28 14:11:09 0 [Note] InnoDB: File 'C:\xampp\mysql\data\ibtmp1' size is now 12 MB.
2025-10-28 14:11:09 0 [Note] InnoDB: Waiting for purge to start
2025-10-28 14:11:09 0 [Note] InnoDB: 10.4.32 started; log sequence number 38789258; transaction id 31077
2025-10-28 14:11:09 0 [Note] InnoDB: Loading buffer pool(s) from C:\xampp\mysql\data\ib_buffer_pool
2025-10-28 14:11:09 0 [Note] Plugin 'FEEDBACK' is disabled.
2025-10-28 14:11:09 0 [Note] Server socket created on IP: '::'.
2025-10-28 14:11:11 0 [Note] Starting MariaDB 10.4.32-MariaDB source revision c4143f909528e3fab0677a28631d10389354c491 as process 16360
2025-10-28 14:11:11 0 [Note] InnoDB: Mutexes and rw_locks use Windows interlocked functions
2025-10-28 14:11:11 0 [Note] InnoDB: Uses event mutexes
2025-10-28 14:11:11 0 [Note] InnoDB: Compressed tables use zlib 1.3
2025-10-28 14:11:11 0 [Note] InnoDB: Number of pools: 1
2025-10-28 14:11:11 0 [Note] InnoDB: Using SSE2 crc32 instructions
2025-10-28 14:11:11 0 [Note] InnoDB: Initializing buffer pool, total size = 16M, instances = 1, chunk size = 16M
2025-10-28 14:11:11 0 [Note] InnoDB: Completed initialization of buffer pool
2025-10-28 14:11:11 0 [Note] InnoDB: Starting crash recovery from checkpoint LSN=38789249
2025-10-28 14:11:11 0 [Note] InnoDB: 128 out of 128 rollback segments are active.
2025-10-28 14:11:11 0 [Note] InnoDB: Removed temporary tablespace data file: "ibtmp1"
2025-10-28 14:11:11 0 [Note] InnoDB: Creating shared tablespace for temporary tables
2025-10-28 14:11:11 0 [Note] InnoDB: Setting file 'C:\xampp\mysql\data\ibtmp1' size to 12 MB. Physically writing the file full; Please wait ...
2025-10-28 14:11:11 0 [Note] InnoDB: File 'C:\xampp\mysql\data\ibtmp1' size is now 12 MB.
2025-10-28 14:11:11 0 [Note] InnoDB: Waiting for purge to start
2025-10-28 14:11:11 0 [Note] InnoDB: 10.4.32 started; log sequence number 38789258; transaction id 31077
2025-10-28 14:11:11 0 [Note] InnoDB: Loading buffer pool(s) from C:\xampp\mysql\data\ib_buffer_pool
2025-10-28 14:11:11 0 [Note] Plugin 'FEEDBACK' is disabled.
2025-10-28 14:11:11 0 [Note] Server socket created on IP: '::'.
2025-10-28 14:11:12 0 [Note] Starting MariaDB 10.4.32-MariaDB source revision c4143f909528e3fab0677a28631d10389354c491 as process 26324
2025-10-28 14:11:12 0 [Note] InnoDB: Mutexes and rw_locks use Windows interlocked functions
2025-10-28 14:11:12 0 [Note] InnoDB: Uses event mutexes
2025-10-28 14:11:12 0 [Note] InnoDB: Compressed tables use zlib 1.3
2025-10-28 14:11:12 0 [Note] InnoDB: Number of pools: 1
2025-10-28 14:11:12 0 [Note] InnoDB: Using SSE2 crc32 instructions
2025-10-28 14:11:12 0 [Note] InnoDB: Initializing buffer pool, total size = 16M, instances = 1, chunk size = 16M
2025-10-28 14:11:12 0 [Note] InnoDB: Completed initialization of buffer pool
2025-10-28 14:11:12 0 [Note] InnoDB: Starting crash recovery from checkpoint LSN=38789249
2025-10-28 14:11:14 0 [Note] Starting MariaDB 10.4.32-MariaDB source revision c4143f909528e3fab0677a28631d10389354c491 as process 7836
2025-10-28 14:11:14 0 [Note] InnoDB: Mutexes and rw_locks use Windows interlocked functions
2025-10-28 14:11:14 0 [Note] InnoDB: Uses event mutexes
2025-10-28 14:11:14 0 [Note] InnoDB: Compressed tables use zlib 1.3
2025-10-28 14:11:14 0 [Note] InnoDB: Number of pools: 1
2025-10-28 14:11:14 0 [Note] InnoDB: Using SSE2 crc32 instructions
2025-10-28 14:11:14 0 [Note] InnoDB: Initializing buffer pool, total size = 16M, instances = 1, chunk size = 16M
2025-10-28 14:11:14 0 [Note] InnoDB: Completed initialization of buffer pool
2025-10-28 14:11:14 0 [Note] InnoDB: Starting crash recovery from checkpoint LSN=38789249
2025-10-28 14:11:14 0 [Note] InnoDB: 128 out of 128 rollback segments are active.
2025-10-28 14:11:14 0 [Note] InnoDB: Removed temporary tablespace data file: "ibtmp1"
2025-10-28 14:11:14 0 [Note] InnoDB: Creating shared tablespace for temporary tables
2025-10-28 14:11:14 0 [Note] InnoDB: Setting file 'C:\xampp\mysql\data\ibtmp1' size to 12 MB. Physically writing the file full; Please wait ...
2025-10-28 14:11:14 0 [Note] InnoDB: File 'C:\xampp\mysql\data\ibtmp1' size is now 12 MB.
2025-10-28 14:11:14 0 [Note] InnoDB: Waiting for purge to start
2025-10-28 14:11:14 0 [Note] Starting MariaDB 10.4.32-MariaDB source revision c4143f909528e3fab0677a28631d10389354c491 as process 10632
2025-10-28 14:11:14 0 [Note] InnoDB: Mutexes and rw_locks use Windows interlocked functions
2025-10-28 14:11:14 0 [Note] InnoDB: Uses event mutexes
2025-10-28 14:11:14 0 [Note] InnoDB: Compressed tables use zlib 1.3
2025-10-28 14:11:14 0 [Note] InnoDB: Number of pools: 1
2025-10-28 14:11:14 0 [Note] InnoDB: Using SSE2 crc32 instructions
2025-10-28 14:11:14 0 [Note] InnoDB: Initializing buffer pool, total size = 16M, instances = 1, chunk size = 16M
2025-10-28 14:11:14 0 [Note] InnoDB: Completed initialization of buffer pool
2025-10-28 14:11:14 0 [Note] InnoDB: Starting crash recovery from checkpoint LSN=38789249
2025-10-28 14:11:15 0 [Note] InnoDB: 128 out of 128 rollback segments are active.
2025-10-28 14:11:15 0 [Note] InnoDB: Removed temporary tablespace data file: "ibtmp1"
2025-10-28 14:11:15 0 [Note] InnoDB: Creating shared tablespace for temporary tables
2025-10-28 14:11:15 0 [Note] InnoDB: Setting file 'C:\xampp\mysql\data\ibtmp1' size to 12 MB. Physically writing the file full; Please wait ...
2025-10-28 14:11:15 0 [Note] InnoDB: File 'C:\xampp\mysql\data\ibtmp1' size is now 12 MB.
2025-10-28 14:11:15 0 [Note] InnoDB: Waiting for purge to start
2025-10-28 14:11:15 0 [Note] InnoDB: 10.4.32 started; log sequence number 38789258; transaction id 31077
2025-10-28 14:11:15 0 [Note] InnoDB: Loading buffer pool(s) from C:\xampp\mysql\data\ib_buffer_pool
2025-10-28 14:11:15 0 [Note] Plugin 'FEEDBACK' is disabled.
2025-10-28 14:11:15 0 [Note] Server socket created on IP: '::'.
2025-10-28 14:11:15 0 [Note] Starting MariaDB 10.4.32-MariaDB source revision c4143f909528e3fab0677a28631d10389354c491 as process 15516
2025-10-28 14:11:15 0 [Note] InnoDB: Mutexes and rw_locks use Windows interlocked functions
2025-10-28 14:11:15 0 [Note] InnoDB: Uses event mutexes
2025-10-28 14:11:15 0 [Note] InnoDB: Compressed tables use zlib 1.3
2025-10-28 14:11:15 0 [Note] InnoDB: Number of pools: 1
2025-10-28 14:11:15 0 [Note] InnoDB: Using 2025-10-28 14:11:16 0 [Note] Starting MariaDB 10.4.32-MariaDB source revision c4143f909528e3fab0677a28631d10389354c491 as process 7568
2025-10-28 14:11:16 0 [Note] InnoDB: Mutexes and rw_locks use Windows interlocked functions
2025-10-28 14:11:16 0 [Note] InnoDB: Uses event mutexes
2025-10-28 14:11:16 0 [Note] InnoDB: Compressed tables use zlib 1.3
2025-10-28 14:11:16 0 [Note] InnoDB: Number of pools: 1
2025-10-28 14:11:16 0 [Note] InnoDB: Using SSE2 crc32 instructions
2025-10-28 14:11:16 0 [Note] InnoDB: Initializing buffer pool, total size = 16M, instances = 1, chunk size = 16M
2025-10-28 14:11:16 0 [Note] InnoDB: Completed initialization of buffer pool
2025-10-28 14:11:16 0 [Note] InnoDB: Starting crash recovery from checkpoint LSN=38789249
2025-10-28 14:11:16 0 [Note] InnoDB: 128 out of 128 rollback segments are active.
2025-10-28 14:11:16 0 [Note] InnoDB: Removed temporary tablespace data file: "ibtmp1"
2025-10-28 14:11:16 0 [Note] InnoDB: Creating shared tablespace for temporary tables
2025-10-28 14:11:16 0 [Note] InnoDB: Setting file 'C:\xampp\mysql\data\ibtmp1' size to 12 MB. Physically writing the file full; Please wait ...
2025-10-28 14:11:16 0 [Note] InnoDB: File 'C:\xampp\mysql\data\ibtmp1' size is now 12 MB.
2025-10-28 14:11:16 0 [Note] InnoDB: Waiting for purge to start
2025-10-28 14:11:16 0 [Note] InnoDB: 10.4.32 started; log sequence number 38789258; transaction id 31077
2025-10-28 14:11:16 0 [Note] InnoDB: Loading buffer pool(s) from C:\xampp\mysql\data\ib_buffer_pool
2025-10-28 14:11:16 0 [Note] Plugin 'FEEDBACK' is disabled.
2025-10-28 14:11:16 0 [Note] Server socket created on IP: '::'.
2025-10-28 14:11:16 0 [Note] Starting MariaDB 10.4.32-MariaDB source revision c4143f909528e3fab0677a28631d10389354c491 as process 21556
2025-10-28 14:11:16 0 [Note] InnoDB: Mutexes and rw_locks use Windows interlocked functions
2025-10-28 14:11:16 0 [Note] InnoDB: Uses event mutexes
2025-10-28 14:11:16 0 [Note] InnoDB: Compressed tables use zlib 1.3
2025-10-28 14:11:16 0 [Note] InnoDB: Number of pools: 1
2025-10-28 14:11:16 0 [Note] InnoDB: Using SSE2 crc32 instructions
2025-10-28 14:11:16 0 [Note] InnoDB: Initializing buffer pool, total size = 16M, instances = 1, chunk size = 16M
2025-10-28 14:11:16 0 [Note] InnoDB: Completed initialization of buffer pool
2025-10-28 14:11:16 0 [Note] InnoDB: Starting crash recovery from checkpoint LSN=38789249
2025-10-28 14:11:17 0 [Note] Starting MariaDB 10.4.32-MariaDB source revision c4143f909528e3fab0677a28631d10389354c491 as process 7736
2025-10-28 14:11:17 0 [ERROR] InnoDB: The innodb_system data file 'ibdata1' must be writable
2025-10-28 14:11:17 0 [ERROR] InnoDB: The innodb_system data file 'ibdata1' must be writable
2025-10-28 14:11:17 0 [ERROR] Plugin 'InnoDB' registration as a STORAGE ENGINE failed.
2025-10-28 14:11:17 0 [Note] Plugin 'FEEDBACK' is disabled.
2025-10-28 14:11:17 0 [ERROR] Unknown/unsupported storage engine: InnoDB
2025-10-28 14:11:17 0 [ERROR] Aborting
2025-10-28 14:11:17 0 [Note] InnoDB: 128 out of 128 rollback segments are active.
2025-10-28 14:11:17 0 [Note] InnoDB: Removed temporary tablespace data file: "ibtmp1"
2025-10-28 14:11:17 0 [Note] InnoDB: Creating shared tablespace for temporary tables
2025-10-28 14:11:17 0 [Note] InnoDB: Setting file 'C:\xampp\mysql\data\ibtmp1' size to 12 MB. Physically writing the file full; Please wait ...
2025-10-28 14:11:17 0 [Note] InnoDB: File 'C:\xampp\mysql\data\ibtmp1' size is now 12 MB.
2025-10-28 14:11:17 0 [Note] InnoDB: Waiting for purge to start
2025-10-28 14:11:17 0 [Note] InnoDB: 10.4.32 started; log sequence number 38789258; transaction id 31077
2025-10-28 14:11:17 0 [Note] InnoDB: Loading buffer pool(s) from C:\xampp\mysql\data\ib_buffer_pool
2025-10-28 14:11:17 0 [Note] Plugin 'FEEDBACK' is disabled.
2025-10-28 14:11:17 0 [Note] Server socket created on IP: '::'.
2025-10-28 14:11:17 0 [Note] Starting MariaDB 10.4.32-MariaDB source revision c4143f909528e3fab0677a28631d10389354c491 as process 7248
2025-10-28 14:11:17 0 [ERROR] InnoDB: The innodb_system data file 'ibdata1' must be writable
2025-10-28 14:11:17 0 [ERROR] InnoDB: The innodb_system data file 'ibdata1' must be writable
2025-10-28 14:11:17 0 [ERROR] Plugin 'InnoDB' registration as a STORAGE ENGINE failed.
2025-10-28 14:11:17 0 [Note] Plugin 'FEEDBACK' is disabled.
2025-10-28 14:11:17 0 [ERROR] Unknown/unsupported storage engine: InnoDB
2025-10-28 14:11:17 0 [ERROR] Aborting
2025-10-28 14:11:18 0 [Note] Starting MariaDB 10.4.32-MariaDB source revision c4143f909528e3fab0677a28631d10389354c491 as process 10412
2025-10-28 14:11:18 0 [Note] InnoDB: Mutexes and rw_locks use Windows interlocked functions
2025-10-28 14:11:18 0 [Note] InnoDB: Uses event mutexes
2025-10-28 14:11:18 0 [Note] InnoDB: Compressed tables use zlib 1.3
2025-10-28 14:11:18 0 [Note] InnoDB: Number of pools: 1
2025-10-28 14:11:18 0 [Note] InnoDB: Using SSE2 crc32 instructions
2025-10-28 14:11:18 0 [Note] InnoDB: Initializing buffer pool, total size = 16M, instances = 1, chunk size = 16M
2025-10-28 14:11:18 0 [Note] InnoDB: Completed initialization of buffer pool
2025-10-28 14:11:18 0 [Note] InnoDB: Starting crash recovery from checkpoint LSN=38789249
2025-10-28 14:11:18 0 [Note] InnoDB: 128 out of 128 rollback segments are active.
2025-10-28 14:11:18 0 [Note] InnoDB: Removed temporary tablespace data file: "ibtmp1"
2025-10-28 14:11:18 0 [Note] InnoDB: Creating shared tablespace for temporary tables
2025-10-28 14:11:18 0 [Note] InnoDB: Setting file 'C:\xampp\mysql\data\ibtmp1' size to 12 MB. Physically writing the file full; Please wait ...
2025-10-28 14:11:18 0 [Note] InnoDB: File 'C:\xampp\mysql\data\ibtmp1' size is now 12 MB.
2025-10-28 14:11:18 0 [Note] InnoDB: Waiting for purge to start
2025-10-28 14:11:18 0 [Note] InnoDB: 10.4.32 started; log sequence number 38789258; transaction id 31077
2025-10-28 14:11:18 0 [Note] InnoDB: Loading buffer pool(s) from C:\xampp\mysql\data\ib_buffer_pool
2025-10-28 14:11:18 0 [Note] Plugin 'FEEDBACK' is disabled.
2025-10-28 14:11:18 0 [Note] Server socket created on IP: '::'.
2025-10-28 14:11:19 0 [Note] Starting MariaDB 10.4.32-MariaDB source revision c4143f909528e3fab0677a28631d10389354c491 as process 24120
2025-10-28 14:11:19 0 [Note] InnoDB: Mutexes and rw_locks use Windows interlocked functions
2025-10-28 14:11:19 0 [Note] InnoDB: Uses event mutexes
2025-10-28 14:11:19 0 [Note] InnoDB: Compressed tables use zlib 1.3
2025-10-28 14:11:19 0 [Note] InnoDB: Number of pools: 1
2025-10-28 14:11:19 0 [Note] InnoDB: Using SSE2 crc32 instructions
2025-10-28 14:11:19 0 [Note] InnoDB: Initializing buffer pool, total size = 16M, instances = 1, chunk size = 16M
2025-10-28 14:11:19 0 [Note] InnoDB: Completed initialization of buffer pool
2025-10-28 14:11:19 0 [Note] InnoDB: Starting crash recovery from checkpoint LSN=38789249
2025-10-28 14:11:19 0 [Note] InnoDB: 128 out of 128 rollback segments are active.
2025-10-28 14:11:19 0 [Note] InnoDB: Removed temporary tablespace data file: "ibtmp1"
2025-10-28 14:11:19 0 [Note] InnoDB: Creating shared tablespace for temporary tables
2025-10-28 14:11:19 0 [Note] InnoDB: Setting file 'C:\xampp\mysql\data\ibtmp1' size to 12 MB. Physically writing the file full; Please wait ...
2025-10-28 14:11:19 0 [Note] InnoDB: File 'C:\xampp\mysql\data\ibtmp1' size is now 12 MB.
2025-10-28 14:11:19 0 [Note] InnoDB: Waiting for purge to start
2025-10-28 14:11:19 0 [Note] InnoDB: 10.4.32 started; log sequence number 38789258; transaction id 31077
2025-10-28 14:11:19 0 [Note] InnoDB: Loading buffer pool(s) from C:\xampp\mysql\data\ib_buffer_pool
2025-10-28 14:11:19 0 [Note] Plugin 'FEEDBACK' is disabled.
2025-10-28 14:11:19 0 [Note] Server socket created on IP: '::'.
2025-10-28 14:11:20 0 [Note] Starting MariaDB 10.4.32-MariaDB source revision c4143f909528e3fab0677a28631d10389354c491 as process 24828
2025-10-28 14:11:20 0 [Note] InnoDB: Mutexes and rw_locks use Windows interlocked functions
2025-10-28 14:11:20 0 [Note] InnoDB: Uses event mutexes
2025-10-28 14:11:20 0 [Note] InnoDB: Compressed tables use zlib 1.3
2025-10-28 14:11:20 0 [Note] InnoDB: Number of pools: 1
2025-10-28 14:11:20 0 [Note] InnoDB: Using SSE2 crc32 instructions
2025-10-28 14:11:20 0 [Note] InnoDB: Initializing buffer pool, total size = 16M, instances = 1, chunk size = 16M
2025-10-28 14:11:20 0 [Note] InnoDB: Completed initialization of buffer pool
2025-10-28 14:11:20 0 [Note] InnoDB: Starting crash recovery from checkpoint LSN=38789249
2025-10-28 14:11:20 0 [Note] Starting MariaDB 10.4.32-MariaDB source revision c4143f909528e3fab0677a28631d10389354c491 as process 26824
2025-10-28 14:11:20 0 [ERROR] InnoDB: The innodb_system data file 'ibdata1' must be writable
2025-10-28 14:11:20 0 [ERROR] InnoDB: The innodb_system data file 'ibdata1' must be writable
2025-10-28 14:11:20 0 [ERROR] Plugin 'InnoDB' registration as a STORAGE ENGINE failed.
2025-10-28 14:11:20 0 [Note] Plugin 'FEEDBACK' is disabled.
2025-10-28 14:11:20 0 [ERROR] Unknown/unsupported storage engine: InnoDB
2025-10-28 14:11:20 0 [ERROR] Aborting
2025-10-28 14:11:21 0 [Note] Starting MariaDB 10.4.32-MariaDB source revision c4143f909528e3fab0677a28631d10389354c491 as process 18196
2025-10-28 14:11:21 0 [Note] InnoDB: Mutexes and rw_locks use Windows interlocked functions
2025-10-28 14:11:21 0 [Note] InnoDB: Uses event mutexes
2025-10-28 14:11:21 0 [Note] InnoDB: Compressed tables use zlib 1.3
2025-10-28 14:11:21 0 [Note] InnoDB: Number of pools: 1
2025-10-28 14:11:21 0 [Note] InnoDB: Using SSE2 crc32 instructions
2025-10-28 14:11:21 0 [Note] InnoDB: Initializing buffer pool, total size = 16M, instances = 1, chunk size = 16M
2025-10-28 14:11:21 0 [Note] InnoDB: Completed initialization of buffer pool
2025-10-28 14:11:21 0 [Note] InnoDB: Starting crash recovery from checkpoint LSN=38789249
2025-10-28 14:11:21 0 [Note] InnoDB: 128 out of 128 rollback segments are active.
2025-10-28 14:11:21 0 [Note] InnoDB: Removed temporary tablespace data file: "ibtmp1"
2025-10-28 14:11:21 0 [Note] InnoDB: Creating shared tablespace for temporary tables
2025-10-28 14:11:21 0 [Note] InnoDB: Setting file 'C:\xampp\mysql\data\ibtmp1' size to 12 MB. Physically writing the file full; Please wait ...
2025-10-28 14:11:21 0 [Note] InnoDB: File 'C:\xampp\mysql\data\ibtmp1' size is now 12 MB.
2025-10-28 14:11:21 0 [Note] InnoDB: Waiting for purge to start
2025-10-28 14:11:22 0 [Note] InnoDB: 10.4.32 started; log sequence number 38789258; transaction id 31077
2025-10-28 14:11:22 0 [Note] InnoDB: Loading buffer pool(s) from C:\xampp\mysql\data\ib_buffer_pool
2025-10-28 14:11:22 0 [Note] Plugin 'FEEDBACK' is disabled.
2025-10-28 14:11:22 0 [Note] Server socket created on IP: '::'.
2025-10-28 14:11:24 0 [Note] Starting MariaDB 10.4.32-MariaDB source revision c4143f909528e3fab0677a28631d10389354c491 as process 24592
2025-10-28 14:11:24 0 [Note] InnoDB: Mutexes and rw_locks use Windows interlocked functions
2025-10-28 14:11:24 0 [Note] InnoDB: Uses event mutexes
2025-10-28 14:11:24 0 [Note] InnoDB: Compressed tables use zlib 1.3
2025-10-28 14:11:24 0 [Note] InnoDB: Number of pools: 1
2025-10-28 14:11:24 0 [Note] InnoDB: Using SSE2 crc32 instructions
2025-10-28 14:11:24 0 [Note] InnoDB: Initializing buffer pool, total size = 16M, instances = 1, chunk size = 16M
2025-10-28 14:11:24 0 [Note] InnoDB: Completed initialization of buffer pool
2025-10-28 14:11:24 0 [Note] InnoDB: Starting crash recovery from checkpoint LSN=38789249
2025-10-28 14:11:25 0 [Note] Starting MariaDB 10.4.32-MariaDB source revision c4143f909528e3fab0677a28631d10389354c491 as process 21292
2025-10-28 14:11:25 0 [Note] InnoDB: Mutexes and rw_locks use Windows interlocked functions
2025-10-28 14:11:25 0 [Note] InnoDB: Uses event mutexes
2025-10-28 14:11:25 0 [Note] InnoDB: Compressed tables use zlib 1.3
2025-10-28 14:11:25 0 [Note] InnoDB: Number of pools: 1
2025-10-28 14:11:25 0 [Note] InnoDB: Using SSE2 crc32 instructions
2025-10-28 14:11:25 0 [Note] InnoDB: Initializing buffer pool, total size = 16M, instances = 1, chunk size = 16M
2025-10-28 14:11:25 0 [Note] InnoDB: Completed initialization of buffer pool
2025-10-28 14:11:25 0 [Note] InnoDB: Starting crash recovery from checkpoint LSN=38789249
2025-10-28 14:11:25 0 [Note] Starting MariaDB 10.4.32-MariaDB source revision c4143f909528e3fab0677a28631d10389354c491 as process 5980
2025-10-28 14:11:25 0 [Note] InnoDB: 128 out of 128 rollback segments are active.
2025-10-28 14:11:25 0 [Note] InnoDB: Removed temporary tablespace data file: "ibtmp1"
2025-10-28 14:11:25 0 [Note] InnoDB: Creating shared tablespace for temporary tables
2025-10-28 14:11:25 0 [Note] InnoDB: Setting file 'C:\xampp\mysql\data\ibtmp1' size to 12 MB. Physically writing the file full; Please wait ...
2025-10-28 14:11:25 0 [Note] InnoDB: File 'C:\xampp\mysql\data\ibtmp1' size is now 12 MB.
2025-10-28 14:11:25 0 [Note] InnoDB: Waiting for purge to start
2025-10-28 14:11:25 0 [ERROR] InnoDB: The innodb_system data file 'ibdata1' must be writable
2025-10-28 14:11:25 0 [ERROR] InnoDB: The innodb_system data file 'ibdata1' must be writable
2025-10-28 14:11:25 0 [ERROR] Plugin 'InnoDB' registration as a STORAGE ENGINE failed.
2025-10-28 14:11:25 0 [Note] Plugin 'FEEDBACK' is disabled.
2025-10-28 14:11:25 0 [ERROR] Unknown/unsupported storage engine: InnoDB
2025-10-28 14:11:25 0 [ERROR] Aborting
2025-10-28 14:11:25 0 [Note] InnoDB: 10.4.32 started; log sequence number 38789258; transaction id 31077
2025-10-28 14:11:25 0 [Note] InnoDB: Loading buffer pool(s) from C:\xampp\mysql\data\ib_buffer_pool
2025-10-28 14:11:25 0 [Note] Plugin 'FEEDBACK' is disabled.
2025-10-28 14:11:25 0 [Note] Server socket created on IP: '::'.
2025-10-28 14:11:26 0 [Note] Starting MariaDB 10.4.32-MariaDB source revision c4143f909528e3fab0677a28631d10389354c491 as process 12956
2025-10-28 14:11:26 0 [Note] InnoDB: Mutexes and rw_locks use Windows interlocked functions
2025-10-28 14:11:26 0 [Note] InnoDB: Uses event mutexes
2025-10-28 14:11:26 0 [Note] InnoDB: Compressed tables use zlib 1.3
2025-10-28 14:11:26 0 [Note] InnoDB: Number of pools: 1
2025-10-28 14:11:26 0 [Note] InnoDB: Using SSE2 crc32 instructions
2025-10-28 14:11:26 0 [Note] InnoDB: Initializing buffer pool, total size = 16M, instances = 1, chunk size = 16M
2025-10-28 14:11:26 0 [Note] InnoDB: Completed initialization of buffer pool
2025-10-28 14:11:27 0 [Note] Starting MariaDB 10.4.32-MariaDB source revision c4143f909528e3fab0677a28631d10389354c491 as process 15644
2025-10-28 14:11:27 0 [Note] InnoDB: Mutexes and rw_locks use Windows interlocked functions
2025-10-28 14:11:27 0 [Note] InnoDB: Uses event mutexes
2025-10-28 14:11:27 0 [Note] InnoDB: Compressed tables use zlib 1.3
2025-10-28 14:11:27 0 [Note] InnoDB: Number of pools: 1
2025-10-28 14:11:27 0 [Note] InnoDB: Using SSE2 crc32 instructions
2025-10-28 14:11:27 0 [Note] InnoDB: Initializing buffer pool, total size = 16M, instances = 1, chunk size = 16M
2025-10-28 14:11:27 0 [Note] InnoDB: Completed initialization of buffer pool
2025-10-28 14:11:27 0 [Note] InnoDB: Starting crash recovery from checkpoint LSN=38789249
2025-10-28 14:11:27 0 [Note] InnoDB: 128 out of 128 rollback segments are active.
2025-10-28 14:11:27 0 [Note] InnoDB: Removed temporary tablespace data file: "ibtmp1"
2025-10-28 14:11:27 0 [Note] InnoDB: Creating shared tablespace for temporary tables
2025-10-28 14:11:27 0 [Note] InnoDB: Setting file 'C:\xampp\mysql\data\ibtmp1' size to 12 MB. Physically writing the file full; Please wait ...
2025-10-28 14:11:27 0 [Note] InnoDB: File 'C:\xampp\mysql\data\ibtmp1' size is now 12 MB.
2025-10-28 14:11:27 0 [Note] InnoDB: Waiting for purge to start
2025-10-28 14:11:27 0 [Note] InnoDB: 10.4.32 started; log sequence number 38789258; transaction id 31077
2025-10-28 14:11:27 0 [Note] InnoDB: Loading buffer pool(s) from C:\xampp\mysql\data\ib_buffer_pool
2025-10-28 14:11:27 0 [Note] Plugin 'FEEDBACK' is disabled.
2025-10-28 14:11:27 0 [Note] Server socket created on IP: '::'.
2025-10-28 14:11:28 0 [Note] Starting MariaDB 10.4.32-MariaDB source revision c4143f909528e3fab0677a28631d10389354c491 as process 19216
2025-10-28 14:11:28 0 [Note] InnoDB: Mutexes and rw_locks use Windows interlocked functions
2025-10-28 14:11:28 0 [Note] InnoDB: Uses event mutexes
2025-10-28 14:11:28 0 [Note] InnoDB: Compressed tables use zlib 1.3
2025-10-28 14:11:28 0 [Note] InnoDB: Number of pools: 1
2025-10-28 14:11:28 0 [Note] InnoDB: Using SSE2 crc32 instructions
2025-10-28 14:11:28 0 [Note] InnoDB: Initializing buffer pool, total size = 16M, instances = 1, chunk size = 16M
2025-10-28 14:11:28 0 [Note] InnoDB: Completed initialization of buffer pool
2025-10-28 14:11:28 0 [Note] InnoDB: Starting crash recovery from checkpoint LSN=38789249
2025-10-28 14:11:29 0 [Note] Starting MariaDB 10.4.32-MariaDB source revision c4143f909528e3fab0677a28631d10389354c491 as process 15484
2025-10-28 14:11:29 0 [Note] InnoDB: Mutexes and rw_locks use Windows interlocked functions
2025-10-28 14:11:29 0 [Note] InnoDB: Uses event mutexes
2025-10-28 14:11:29 0 [Note] InnoDB: Compressed tables use zlib 1.3
2025-10-28 14:11:29 0 [Note] InnoDB: Number of pools: 1
2025-10-28 14:11:29 0 [Note] InnoDB: Using SSE2 crc32 instructions
2025-10-28 14:11:29 0 [Note] InnoDB: Initializing buffer pool, total size = 16M, instances = 1, chunk size = 16M
2025-10-28 14:11:29 0 [Note] InnoDB: Completed initialization of buffer pool
2025-10-28 14:11:29 0 [Note] InnoDB: Starting crash recovery from checkpoint LSN=38789249
2025-10-28 14:11:29 0 [Note] Starting MariaDB 10.4.32-MariaDB source revision c4143f909528e3fab0677a28631d10389354c491 as process 14164
2025-10-28 14:11:29 0 [ERROR] InnoDB: The innodb_system data file 'ibdata1' must be writable
2025-10-28 14:11:29 0 [ERROR] InnoDB: The innodb_system data file 'ibdata1' must be writable
2025-10-28 14:11:29 0 [ERROR] Plugin 'InnoDB' registration as a STORAGE ENGINE failed.
2025-10-28 14:11:29 0 [Note] Plugin 'FEEDBACK' is disabled.
2025-10-28 14:11:29 0 [ERROR] Unknown/unsupported storage engine: InnoDB
2025-10-28 14:11:29 0 [ERROR] Aborting
2025-10-28 14:11:29 0 [Note] InnoDB: 128 out of 128 rollback segments are active.
2025-10-28 14:11:29 0 [Note] InnoDB: Removed temporary tablespace data file: "ibtmp1"
2025-10-28 14:11:29 0 [Note] InnoDB: Creating shared tablespace for temporary tables
2025-10-28 14:11:29 0 [Note] InnoDB: Setting file 'C:\xampp\mysql\data\ibtmp1' size to 12 MB. Physically writing the file full; Please wait ...
2025-10-28 14:11:29 0 [Note] InnoDB: File 'C:\xampp\mysql\data\ibtmp1' size is now 12 MB.
2025-10-28 14:11:29 0 [Note] InnoDB: Waiting for purge to start
2025-10-28 14:11:29 0 [Note] InnoDB: 10.4.32 started; log sequence number 38789258; transaction id 31077
2025-10-28 14:11:29 0 [Note] InnoDB: Loading buffer pool(s) from C:\xampp\mysql\data\ib_buffer_pool
2025-10-28 14:11:29 0 [Note] Plugin 'FEEDBACK' is disabled.
2025-10-28 14:11:29 0 [Note] Server socket created on IP: '::'.
2025-10-28 14:11:30 0 [Note] Starting MariaDB 10.4.32-MariaDB source revision c4143f909528e3fab0677a28631d10389354c491 as process 16840
2025-10-28 14:11:30 0 [Note] InnoDB: Mutexes and rw_locks use Windows interlocked functions
2025-10-28 14:11:30 0 [Note] InnoDB: Uses event mutexes
2025-10-28 14:11:30 0 [Note] InnoDB: Compressed tables use zlib 1.3
2025-10-28 14:11:30 0 [Note] InnoDB: Number of pools: 1
2025-10-28 14:11:30 0 [Note] InnoDB: Using SSE2 crc32 instructions
2025-10-28 14:11:30 0 [Note] InnoDB: Initializing buffer pool, total size = 16M, instances = 1, chunk size = 16M
2025-10-28 14:11:30 0 [Note] InnoDB: Completed initialization of buffer pool
2025-10-28 14:11:30 0 [Note] InnoDB: Starting crash recovery from checkpoint LSN=38789249
2025-10-28 14:11:30 0 [Note] InnoDB: 128 out of 128 rollback segments are active.
2025-10-28 14:11:30 0 [Note] InnoDB: Removed temporary tablespace data file: "ibtmp1"
2025-10-28 14:11:30 0 [Note] InnoDB: Creating shared tablespace for temporary tables
2025-10-28 14:11:30 0 [Note] InnoDB: Setting file 'C:\xampp\mysql\data\ibtmp1' size to 12 MB. Physically writing the file full; Please wait ...
2025-10-28 14:11:30 0 [Note] InnoDB: File 'C:\xampp\mysql\data\ibtmp1' size is now 12 MB.
2025-10-28 14:11:30 0 [Note] InnoDB: Waiting for purge to start
2025-10-28 14:11:30 0 [Note] Starting MariaDB 10.4.32-MariaDB source revision c4143f909528e3fab0677a28631d10389354c491 as process 23764
2025-10-28 14:11:30 0 [ERROR] InnoDB: The innodb_system data file 'ibdata1' must be writable
2025-10-28 14:11:30 0 [ERROR] InnoDB: The innodb_system data file 'ibdata1' must be writable
2025-10-28 14:11:30 0 [ERROR] Plugin 'InnoDB' registration as a STORAGE ENGINE failed.
2025-10-28 14:11:30 0 [Note] Plugin 'FEEDBACK' is disabled.
2025-10-28 14:11:30 0 [ERROR] Unknown/unsupported storage engine: InnoDB
2025-10-28 14:11:30 0 [ERROR] Aborting
2025-10-28 14:11:30 0 [Note] InnoDB: 10.4.32 started; log sequence number 38789258; transaction id 31077
2025-10-28 14:11:30 0 [Note] InnoDB: Loading buffer pool(s) from C:\xampp\mysql\data\ib_buffer_pool
2025-10-28 14:11:30 0 [Note] Plugin 'FEEDBACK' is disabled.
2025-10-28 14:11:30 0 [Note] Server socket created on IP: '::'.
2025-10-28 14:11:30 0 [Note] InnoDB: Buffer pool(s) load completed at 251028 14:11:30
2025-10-28 14:11:31 0 [Note] Starting MariaDB 10.4.32-MariaDB source revision c4143f909528e3fab0677a28631d10389354c491 as process 26220
2025-10-28 14:11:31 0 [Note] InnoDB: Mutexes and rw_locks use Windows interlocked functions
2025-10-28 14:11:31 0 [Note] InnoDB: Uses event mutexes
2025-10-28 14:11:31 0 [Note] InnoDB: Compressed tables use zlib 1.3
2025-10-28 14:11:31 0 [Note] InnoDB: Number of pools: 1
2025-10-28 14:11:31 0 [Note] InnoDB: Using SSE2 crc32 instructions
2025-10-28 14:11:31 0 [Note] InnoDB: Initializing buffer pool, total size = 16M, instances = 1, chunk size = 16M
2025-10-28 14:11:31 0 [Note] InnoDB: Completed initialization of buffer pool
2025-10-28 14:11:31 0 [Note] InnoDB: Starting crash recovery from checkpoint LSN=38789249
2025-10-28 14:11:31 0 [Note] InnoDB: 128 out of 128 rollback segments are active.
2025-10-28 14:11:31 0 [Note] InnoDB: Removed temporary tablespace data file: "ibtmp1"
2025-10-28 14:11:31 0 [Note] InnoDB: Creating shared tablespace for temporary tables
2025-10-28 14:11:31 0 [Note] InnoDB: Setting file 'C:\xampp\mysql\data\ibtmp1' size to 12 MB. Physically writing the file full; Please wait ...
2025-10-28 14:11:31 0 [Note] InnoDB: File 'C:\xampp\mysql\data\ibtmp1' size is now 12 MB.
2025-10-28 14:11:31 0 [Note] InnoDB: Waiting for purge to start
2025-10-28 14:11:31 0 [Note] InnoDB: 10.4.32 started; log sequence number 38789258; transaction id 31077
2025-10-28 14:11:31 0 [Note] InnoDB: Loading buffer pool(s) from C:\xampp\mysql\data\ib_buffer_pool
2025-10-28 14:11:31 0 [Note] Plugin 'FEEDBACK' is disabled.
2025-10-28 14:11:31 0 [Note] Server socket created on IP: '::'.
2025-10-28 14:11:31 0 [Note] Starting MariaDB 10.4.32-MariaDB source revision c4143f909528e3fab0677a28631d10389354c491 as process 11136
2025-10-28 14:11:31 0 [ERROR] InnoDB: The innodb_system data file 'ibdata1' must be writable
2025-10-28 14:11:31 0 [ERROR] InnoDB: The innodb_system data file 'ibdata1' must be writable
2025-10-28 14:11:31 0 [ERROR] Plugin 'InnoDB' registration as a STORAGE ENGINE failed.
2025-10-28 14:11:32 0 [Note] Starting MariaDB 10.4.32-MariaDB source revision c4143f909528e3fab0677a28631d10389354c491 as process 8704
2025-10-28 14:11:33 0 [Note] InnoDB: Mutexes and rw_locks use Windows interlocked functions
2025-10-28 14:11:33 0 [Note] InnoDB: Uses event mutexes
2025-10-28 14:11:33 0 [Note] InnoDB: Compressed tables use zlib 1.3
2025-10-28 14:11:33 0 [Note] InnoDB: Number of pools: 1
2025-10-28 14:11:33 0 [Note] InnoDB: Using SSE2 crc32 instructions
2025-10-28 14:11:33 0 [Note] InnoDB: Initializing buffer pool, total size = 16M, instances = 1, chunk size = 16M
2025-10-28 14:11:33 0 [Note] InnoDB: Completed initialization of buffer pool
2025-10-28 14:11:33 0 [Note] InnoDB: Starting crash recovery from checkpoint LSN=38789249
2025-10-28 14:11:33 0 [Note] Starting MariaDB 10.4.32-MariaDB source revision c4143f909528e3fab0677a28631d10389354c491 as process 26568
2025-10-28 14:11:33 0 [ERROR] InnoDB: The innodb_system data file 'ibdata1' must be writable
2025-10-28 14:11:33 0 [ERROR] InnoDB: The innodb_system data file 'ibdata1' must be writable
2025-10-28 14:11:33 0 [ERROR] Plugin 'InnoDB' r2025-10-28 14:11:33 0 [Note] InnoDB: 128 out of 128 rollback segments are active.
egistration as a STORAGE ENGINE failed.
2025-10-28 14:11:33 0 [Note] Plugin 'FEEDBACK' is disabled.
2025-10-28 14:11:33 0 [ERROR] Unknown/unsupported storage engine: InnoDB
2025-10-28 14:11:33 0 [ERROR] Aborting
2025-10-28 14:11:33 0 [Note] InnoDB: Removed temporary tablespace data file: "ibtmp1"
2025-10-28 14:11:33 0 [Note] InnoDB: Creating shared tablespace for temporary tables
2025-10-28 14:11:33 0 [Note] InnoDB: Setting file 'C:\xampp\mysql\data\ibtmp1' size to 12 MB. Physically writing the file full; Please wait ...
2025-10-28 14:11:33 0 [Note] InnoDB: File 'C:\xampp\mysql\data\ibtmp1' size is now 12 MB.
2025-10-28 14:11:33 0 [Note] InnoDB: Waiting for purge to start
2025-10-28 14:11:33 0 [Note] InnoDB: 10.4.32 started; log sequence number 38789258; transaction id 31077
2025-10-28 14:11:33 0 [Note] InnoDB: Loading buffer pool(s) from C:\xampp\mysql\data\ib_buffer_pool
2025-10-28 14:11:33 0 [Note] Plugin 'FEEDBACK' is disabled.
2025-10-28 14:11:33 0 [Note] InnoDB: Buffer pool(s) load completed at 251028 14:11:33
2025-10-28 14:11:33 0 [Note] Server socket created on IP: '::'.
2025-10-28 14:11:33 0 [Note] Starting MariaDB 10.4.32-MariaDB source revision c4143f909528e3fab0677a28631d10389354c491 as process 7908
2025-10-28 14:11:33 0 [ERROR] InnoDB: The innodb_system data file 'ibdata1' must be writable
2025-10-28 14:11:33 0 [ERROR] InnoDB: The innodb_system data file 'ibdata1' must be writable
2025-10-28 14:11:33 0 [ERROR] Plugin 'InnoDB' registration as a STORAGE ENGINE failed.
2025-10-28 14:11:33 0 [Note] Plugin 'FEEDBACK' is disabled.
2025-10-28 14:11:33 0 [ERROR] Unknown/unsupported storage engine: InnoDB
2025-10-28 14:11:33 0 [ERROR] Aborting
2025-10-28 14:11:34 0 [Note] Starting MariaDB 10.4.32-MariaDB source revision c4143f909528e3fab0677a28631d10389354c491 as process 17104
2025-10-28 14:11:34 0 [Note] InnoDB: Mutexes and rw_locks use Windows interlocked functions
2025-10-28 14:11:34 0 [Note] InnoDB: Uses event mutexes
2025-10-28 14:11:34 0 [Note] InnoDB: Compressed tables use zlib 1.3
2025-10-28 14:11:34 0 [Note] InnoDB: Number of pools: 1
2025-10-28 14:11:34 0 [Note] InnoDB: Using SSE2 crc32 instructions
2025-10-28 14:11:34 0 [Note] InnoDB: Initializing buffer pool, total size = 16M, instances = 1, chunk size = 16M
2025-10-28 14:11:34 0 [Note] InnoDB: Completed initialization of buffer pool
2025-10-28 14:11:34 0 [Note] InnoDB: Starting crash recovery from checkpoint LSN=38789249
2025-10-28 14:11:34 0 [Note] Starting MariaDB 10.4.32-MariaDB source revision c4143f909528e3fab0677a28631d10389354c491 as process 22724
2025-10-28 14:11:34 0 [ERROR] InnoDB: The innodb_system data file 'ibdata1' must be writable
2025-10-28 14:11:34 0 [ERROR] InnoDB: The innodb_system data file 'ibdata1' must be writable
2025-10-28 14:11:34 0 [ERROR] Plugin 'InnoDB' registration as a STORAGE ENGINE failed.
2025-10-28 14:11:34 0 [Note] Plugin 'FEEDBACK' is disabled.
2025-10-28 14:11:34 0 [ERROR] Unknown/unsupported storage engine: InnoDB
2025-10-28 14:11:34 0 [ERROR] Aborting
2025-10-28 14:11:35 0 [Note] Starting MariaDB 10.4.32-MariaDB source revision c4143f909528e3fab0677a28631d10389354c491 as process 27688
2025-10-28 14:11:35 0 [Note] InnoDB: Mutexes and rw_locks use Windows interlocked functions
2025-10-28 14:11:35 0 [Note] InnoDB: Uses event mutexes
2025-10-28 14:11:35 0 [Note] InnoDB: Compressed tables use zlib 1.3
2025-10-28 14:11:35 0 [Note] InnoDB: Number of pools: 1
2025-10-28 14:11:35 0 [Note] InnoDB: Using SSE2 crc32 instructions
2025-10-28 14:11:35 0 [Note] InnoDB: Initializing buffer pool, total size = 16M, instances = 1, chunk size = 16M
2025-10-28 14:11:35 0 [Note] InnoDB: Completed initialization of buffer pool
2025-10-28 14:11:35 0 [Note] InnoDB: Starting crash recovery from checkpoint LSN=38789249
2025-10-28 14:11:35 0 [Note] Starting MariaDB 10.4.32-MariaDB source revision c4143f909528e3fab0677a28631d10389354c491 as process 2836
2025-10-28 14:11:35 0 [ERROR] InnoDB: The innodb_system data file 'ibdata1' must be writable
2025-10-28 14:11:35 0 [ERROR] InnoDB: The innodb_system data file 'ibdata1' must be writable
2025-10-28 14:11:35 0 [ERROR] Plugin 'InnoDB' registration as a STORAGE ENGINE failed.
2025-10-28 14:11:35 0 [Note] Plugin 'FEEDBACK' is disabled.
2025-10-28 14:11:35 0 [ERROR] Unknown/unsupported storage engine: InnoDB
2025-10-28 14:11:35 0 [ERROR] Aborting
2025-10-28 14:11:35 0 [Note] InnoDB: 128 out of 128 rollback segments are active.
2025-10-28 14:11:35 0 [Note] InnoDB: Removed temporary tablespace data file: "ibtmp1"
2025-10-28 14:11:35 0 [Note] InnoDB: Creating shared tablespace for temporary tables
2025-10-28 14:11:35 0 [Note] InnoDB: Setting file 'C:\xampp\mysql\data\ibtmp1' size to 12 MB. Physically writing the file full; Please wait ...
2025-10-28 14:11:35 0 [Note] InnoDB: File 'C:\xampp\mysql\data\ibtmp1' size is now 12 MB.
2025-10-28 14:11:35 0 [Note] InnoDB: Waiting for purge to start
2025-10-28 14:11:35 0 [Note] Starting MariaDB 10.4.32-MariaDB source revision c4143f909528e3fab0677a28631d10389354c491 as process 18636
2025-10-28 14:11:36 0 [Note] Starting MariaDB 10.4.32-MariaDB source revision c4143f909528e3fab0677a28631d10389354c491 as process 24936
2025-10-28 14:11:36 0 [Note] InnoDB: Mutexes and rw_locks use Windows interlocked functions
2025-10-28 14:11:36 0 [Note] InnoDB: Uses event mutexes
2025-10-28 14:11:36 0 [Note] InnoDB: Compressed tables use zlib 1.3
2025-10-28 14:11:36 0 [Note] InnoDB: Number of pools: 1
2025-10-28 14:11:36 0 [Note] InnoDB: Using SSE2 crc32 instructions
2025-10-28 14:11:36 0 [Note] InnoDB: Initializing buffer pool, total size = 16M, instances = 1, chunk size = 16M
2025-10-28 14:11:36 0 [Note] InnoDB: Completed initialization of buffer pool
2025-10-28 14:11:36 0 [Note] InnoDB: Starting crash recovery from checkpoint LSN=38789249
2025-10-28 14:11:37 0 [Note] Starting MariaDB 10.4.32-MariaDB source revision c4143f909528e3fab0677a28631d10389354c491 as process 8844
2025-10-28 14:11:37 0 [Note] InnoDB: Mutexes and rw_locks use Windows interlocked functions
2025-10-28 14:11:37 0 [Note] InnoDB: Uses event mutexes
2025-10-28 14:11:37 0 [Note] InnoDB: Compressed tables use zlib 1.3
2025-10-28 14:11:37 0 [Note] InnoDB: Number of pools: 1
2025-10-28 14:11:37 0 [Note] InnoDB: Using SSE2 crc32 instructions
2025-10-28 14:11:37 0 [Note] InnoDB: Initializing buffer pool, total size = 16M, instances = 1, chunk size = 16M
2025-10-28 14:11:37 0 [Note] InnoDB: Completed initialization of buffer pool2025-10-28 14:11:38 0 [Note] Starting MariaDB 10.4.32-MariaDB source revision c4143f909528e3fab0677a28631d10389354c491 as process 14816
2025-10-28 14:11:38 0 [Note] InnoDB: Mutexes and rw_locks use Windows interlocked functions
2025-10-28 14:11:38 0 [Note] InnoDB: Uses event mutexes
2025-10-28 14:11:38 0 [Note] InnoDB: Compressed tables use zlib 1.3
2025-10-28 14:11:38 0 [Note] InnoDB: Number of pools: 1
2025-10-28 14:11:38 0 [Note] InnoDB: Using SSE2 crc32 instructions
2025-10-28 14:11:38 0 [Note] InnoDB: Initializing buffer pool, total size = 16M, instances = 1, chunk size = 16M
2025-10-28 14:11:38 0 [Note] InnoDB: Completed initialization of buffer pool
2025-10-28 14:11:38 0 [Note] InnoDB: Starting crash recovery from checkpoint LSN=38789249
2025-10-28 14:11:39 0 [Note] Starting MariaDB 10.4.32-MariaDB source revision c4143f909528e3fab0677a28631d10389354c491 as process 27396
2025-10-28 14:11:39 0 [Note] InnoDB: Mutexes and rw_locks use Windows interlocked functions
2025-10-28 14:11:39 0 [Note] InnoDB: Uses event mutexes
2025-10-28 14:11:39 0 [Note] InnoDB: Compressed tables use zlib 1.3
2025-10-28 14:11:39 0 [Note] InnoDB: Number of pools: 1
2025-10-28 14:11:39 0 [Note] InnoDB: Using SSE2 crc32 instructions
2025-10-28 14:11:39 0 [Note] InnoDB: Initializing buffer pool, total size = 16M, instances = 1, chunk size = 16M
2025-10-28 14:11:39 0 [Note] InnoDB: Completed initialization of buffer pool
2025-10-28 14:11:39 0 [Note] InnoDB: Starting crash recovery from checkpoint LSN=38789249
2025-10-28 14:11:39 0 [Note] Starting MariaDB 10.4.32-MariaDB source revision c4143f909528e3fab0677a28631d10389354c491 as process 9220
2025-10-28 14:11:39 0 [ERROR] InnoDB: The innodb_system data file 'ibdata1' must be writable
2025-10-28 14:11:39 0 [ERROR] InnoDB: The innodb_system data file 'ibdata1' must be writable
2025-10-28 14:11:39 0 [ERROR] Plugin 'InnoDB' registration as a STORAGE ENGINE failed.
2025-10-28 14:11:39 0 [Note] Plugin 'FEEDBACK' is disabled.
2025-10-28 14:11:39 0 [ERROR] Unknown/unsupported storage engine: InnoDB
2025-10-28 14:11:39 0 [ERROR] Aborting
2025-10-28 14:11:39 0 [Note] InnoDB: 128 out of 128 rollback segments are active.
2025-10-28 14:11:40 0 [Note] Starting MariaDB 10.4.32-MariaDB source revision c4143f909528e3fab0677a28631d10389354c491 as process 14144
2025-10-28 14:11:40 0 [Note] InnoDB: Mutexes and rw_locks use Windows interlocked functions
2025-10-28 14:11:40 0 [Note] InnoDB: Uses event mutexes
2025-10-28 14:11:40 0 [Note] InnoDB: Compressed tables use zlib 1.3
2025-10-28 14:11:40 0 [Note] InnoDB: Number of pools: 1
2025-10-28 14:11:40 0 [Note] InnoDB: Using SSE2 crc32 instructions
2025-10-28 14:11:40 0 [Note] InnoDB: Initializing buffer pool, total size = 16M, instances = 1, chunk size = 16M
2025-10-28 14:11:40 0 [Note] InnoDB: Completed initialization of buffer pool
2025-10-28 14:11:40 0 [Note] InnoDB: Starting crash recovery from checkpoint LSN=38789249
2025-10-28 14:11:40 0 [Note] Starting MariaDB 10.4.32-MariaDB source revision c4143f909528e3fab0677a28631d10389354c491 as process 25340
2025-10-28 14:11:40 0 [ERROR] InnoDB: The innodb_system data file 'ibdata1' must be writable
2025-10-28 14:11:40 0 [ERROR] InnoDB: The innodb_system data file 'ibdata1' must be writable
2025-10-28 14:11:40 0 [Note] InnoDB: 128 ou2t02 5o-f1 01-2288  r1o4l:1l1ba:ck4 0s e0g m[eEnRtRsOR ]ar eP laucgtiinv e'.I
nnoDB' registration as a STORAGE ENGINE failed.
2025-10-28 14:11:40 0 [Note] Plugin 'FEEDBACK' is disabled.
2025-10-28 14:11:41 0 [Note] Starting MariaDB 10.4.32-MariaDB source revision c4143f909528e3fab0677a28631d10389354c491 as process 17404
2025-10-28 14:11:41 0 [Note] InnoDB: Mutexes and rw_locks use Windows interlocked functions
2025-10-28 14:11:41 0 [Note] InnoDB: Uses event mutexes
2025-10-28 14:11:41 0 [Note] InnoDB: Compressed tables use zlib 1.3
2025-10-28 14:11:41 0 [Note] InnoDB: Number of pools: 1
2025-10-28 14:11:41 0 [Note] InnoDB: Using SSE2 crc32 instructions
2025-10-28 14:11:41 0 [Note] InnoDB: Initializing buffer pool, total size = 16M, instances = 1, chunk size = 16M
2025-10-28 14:11:41 0 [Note] InnoDB: Completed initialization of buffer pool
2025-10-28 14:11:41 0 [Note] InnoDB: Starting crash recovery from checkpoint LSN=38789249
2025-10-28 14:11:41 0 [Note] Starting MariaDB 10.4.32-MariaDB source revision c4143f909528e3fab0677a28631d10389354c491 as process 4344
2025-10-28 14:11:41 0 [Note] InnoDB: 128 out of 128 rollback segments are active.
2025-10-28 14:11:41 0 [Note] InnoDB: Removed temporary tablespace data file: "ibtmp1"
2025-10-28 14:11:41 0 [Note] InnoDB: Creating shared tablespace for temporary tables
2025-10-28 14:11:41 0 [Note] InnoDB: Setting file 'C:\xampp\mysql\data\ibtmp1' size to 12 MB. Physically writing the file full; Please wait ...
2025-10-28 14:11:41 0 [Note] InnoDB: File 'C:\xampp\mysql\data\ibtmp1' size is now 12 MB.
2025-10-28 14:11:41 0 [ERROR] InnoDB: The innodb_system data file 'ibdata1' must be writable
2025-10-28 14:11:41 0 [ERROR] InnoDB: The innodb_system data file 'ibdata1' must be writable
2025-10-28 14:11:41 0 [ERROR] Plugin 'InnoDB' re2g0i2s5t-r10-a2t8i o1n4 :a1s1 :a4 1S T0O R[AGNEo tEeN]G IINnEn ofDaBi:l eWda.i
ting for purge to start
2025-10-28 14:11:41 0 [Note] Plugin 'FEEDBACK' is disabled.
2025-10-28 14:11:41 0 [ERROR] Unknown/unsupported storage engine: InnoDB
2025-10-28 14:11:41 0 [ERROR] Aborting
2025-10-28 14:11:42 0 [Note] Starting MariaDB 10.4.32-MariaDB source revision c4143f909528e3fab0677a28631d10389354c491 as process 22980
2025-10-28 14:11:42 0 [Note] InnoDB: Mutexes and rw_locks use Windows interlocked functions
2025-10-28 14:11:42 0 [Note] InnoDB: Uses event mutexes
2025-10-28 14:11:42 0 [Note] InnoDB: Compressed tables use zlib 1.3
2025-10-28 14:11:42 0 [Note] InnoDB: Number of pools: 1
2025-10-28 14:11:42 0 [Note] InnoDB: Using SSE2 crc32 instructions
2025-10-28 14:11:42 0 [Note] InnoDB: Initializing buffer pool, total size = 16M, instances = 1, chunk size = 16M
2025-10-28 14:11:42 0 [Note] InnoDB: Completed initialization of buffer pool
2025-10-28 14:11:42 0 [Note] InnoDB: Starting crash recovery from checkpoint LSN=38789249
2025-10-28 14:11:42 0 [Note] Starting MariaDB 10.4.32-MariaDB source revision c4143f909528e3fab0677a28631d10389354c491 as process 25484
2025-10-28 14:11:42 0 [ERROR] InnoDB: The innodb_system data file 'ibdata1' must be writable
2025-10-28 14:11:42 0 [ERROR] InnoDB: The innodb_system data file 'ibdata1' must be writable
2025-10-28 14:11:42 0 [ERROR] Plugin 'InnoDB' registration as a STORAGE ENGINE failed.
2025-10-28 14:11:42 0 [Note] Plugin 'FEEDBACK' is disabled.
2025-10-28 14:11:42 0 [Note] InnoDB: 128 out of 128 rollback segments are active.
2025-10-28 14:11:42 0 [ERROR] Unknown/unsupported storage engine: InnoDB
2025-10-28 14:11:42 0 [ERROR] Aborting
2025-10-28 14:11:42 0 [Note] InnoDB: Removed temporary tablespace data file: "ibtmp1"
2025-10-28 14:11:42 0 [Note] InnoDB: Creating shared tablespace for temporary tables
2025-10-28 14:11:42 0 [Note] InnoDB: Setting file 'C:\xampp\mysql\data\ibtmp1' size to 12 MB. Physically writing the file full; Please wait ...
2025-10-28 14:11:42 0 [Note] InnoDB: File 'C:\xampp\mysql\data\ibtmp1' size is now 12 MB.
2025-10-28 14:11:42 0 [Note] InnoDB: Waiting for purge to start
2025-10-28 14:11:42 0 [Note] InnoDB: 10.4.32 started; log sequence number 38789258; transaction id 31077
2025-10-28 14:11:42 0 [Note] InnoDB: Loading buffer pool(s) from C:\xampp\mysql\data\ib_buffer_pool
2025-10-28 14:11:42 0 [Note] Plugin 'FEEDBACK' is disabled.
2025-10-28 14:11:42 0 [Note] Server socket created on IP: '::'.
2025-10-28 14:11:43 0 [Note] Starting MariaDB 10.4.32-MariaDB source revision c4143f909528e3fab0677a28631d10389354c491 as process 12736
2025-10-28 14:11:43 0 [Note] InnoDB: Mutexes and rw_locks use Windows interlocked functions
2025-10-28 14:11:43 0 [Note] InnoDB: Uses event mutexes
2025-10-28 14:11:43 0 [Note] InnoDB: Compressed tables use zlib 1.3
2025-10-28 14:11:43 0 [Note] InnoDB: Number of pools: 1
2025-10-28 14:11:43 0 [Note] InnoDB: Using SSE2 crc32 instructions
2025-10-28 14:11:43 0 [Note] InnoDB: Initializing buffer pool, total size = 16M, instances = 1, chunk size = 16M
2025-10-28 14:11:43 0 [Note] InnoDB: Completed initialization of buffer pool
2025-10-28 14:11:43 0 [Note] InnoDB: Starting crash recovery from checkpoint LSN=38789249
2025-10-28 14:11:43 0 [Note] InnoDB: 128 out of 128 rollback segments are active.
2025-10-28 14:11:43 0 [Note] InnoDB: Removed temporary tablespace data file: "ibtmp1"
2025-10-28 14:11:43 0 [Note] InnoDB: Creating shared tablespace for temporary tables
2025-10-28 14:11:43 0 [Note] InnoDB: Setting file 'C:\xampp\mysql\data\ibtmp1' size to 12 MB. Physically writing the file full; Please wait ...
2025-10-28 14:11:43 0 [Note] InnoDB: File 'C:\xampp\mysql\data\ibtmp1' size is now 12 MB.
2025-10-28 14:11:43 0 [Note] InnoDB: Waiting for purge to start
2025-10-28 14:11:43 0 [Note] InnoDB: 10.4.32 started; log sequence number 38789258; transaction id 31077
2025-10-28 14:11:43 0 [Note] InnoDB: Loading buffer pool(s) from C:\xampp\mysql\data\ib_buffer_pool
2025-10-28 14:11:43 0 [Note] Plugin 'FEEDBACK' is disabled.
2025-10-28 14:11:43 0 [Note] Server socket created on IP: '::'.
2025-10-28 14:11:44 0 [Note] Starting MariaDB 10.4.32-MariaDB source revision c4143f909528e3fab0677a28631d10389354c491 as process 17656
2025-10-28 14:11:44 0 [Note] InnoDB: Mutexes and rw_locks use Windows interlocked functions
2025-10-28 14:11:44 0 [Note] InnoDB: Uses event mutexes
2025-10-28 14:11:44 0 [Note] InnoDB: Compressed tables use zlib 1.3
2025-10-28 14:11:44 0 [Note] InnoDB: Number of pools: 1
2025-10-28 14:11:44 0 [Note] InnoDB: Using SSE2 crc32 instructions
2025-10-28 14:11:44 0 [Note] InnoDB: Initializing buffer pool, total size = 16M, instances = 1, chunk size = 16M
2025-10-28 14:11:44 0 [Note] InnoDB: Completed initialization of buffer pool
2025-10-28 14:11:44 0 [Note] InnoDB: Starting crash recovery from checkpoint LSN=38789249
2025-10-28 14:11:44 0 [Note] InnoDB: 128 out of 128 rollback segments are active.
2025-10-28 14:11:44 0 [Note] InnoDB: Removed temporary tablespace data file: "ibtmp1"
2025-10-28 14:11:44 0 [Note] InnoDB: Creating shared tablespace for temporary tables
2025-10-28 14:11:44 0 [Note] InnoDB: Setting file 'C:\xampp\mysql\data\ibtmp1' size to 12 MB. Physically writing the file full; Please wait ...
2025-10-28 14:11:44 0 [Note] InnoDB: File 'C:\xampp\mysql\data\ibtmp1' size is now 12 MB.
2025-10-28 14:11:44 0 [Note] InnoDB: Waiting for purge to start
2025-10-28 14:11:45 0 [Note] InnoDB: 10.4.32 started; log sequence number 38789258; transaction id 31077
2025-10-28 14:11:45 0 [Note] InnoDB: Loading buffer pool(s) from C:\xampp\mysql\data\ib_buffer_pool
2025-10-28 14:11:45 0 [Note] Plugin 'FEEDBACK' is disabled.
2025-10-28 14:11:45 0 [Note] Server socket created on IP: '::'.
2025-10-28 14:11:45 0 [Note] Starting MariaDB 10.4.32-MariaDB source revision c4143f909528e3fab0677a28631d10389354c491 as process 3764
2025-10-28 14:11:45 0 [Note] InnoDB: Mutexes and rw_locks use Windows interlocked functions
2025-10-28 14:11:45 0 [Note] InnoDB: Uses event mutexes
2025-10-28 14:11:45 0 [Note] InnoDB: Compressed tables use zlib 1.3
2025-10-28 14:11:45 0 [Note] InnoDB: Number of pools: 1
2025-10-28 14:11:45 0 [Note] InnoDB: Using SSE2 crc32 instructions
2025-10-28 14:11:45 0 [Note] InnoDB: Initializing buffer pool, total size = 16M, instances = 1, chunk size = 16M
2025-10-28 14:11:45 0 [Note] InnoDB: Completed initialization of buffer pool
2025-10-28 14:11:45 0 [Note] InnoDB: Starting crash recovery from checkpoint LSN=38789249
2025-10-28 14:11:47 0 [Note] Starting MariaDB 10.4.32-MariaDB source revision c4143f909528e3fab0677a28631d10389354c491 as process 21796
2025-10-28 14:11:47 0 [Note] InnoDB: Mutexes and rw_locks use Windows interlocked functions
2025-10-28 14:11:47 0 [Note] InnoDB: Uses event mutexes
2025-10-28 14:11:47 0 [Note] InnoDB: Compressed tables use zlib 1.3
2025-10-28 14:11:47 0 [Note] InnoDB: Number of pools: 1
2025-10-28 14:11:47 0 [Note] InnoDB: Using SSE2 crc32 instructions
2025-10-28 14:11:47 0 [Note] InnoDB: Initializing buffer pool, total size = 16M, instances = 1, chunk size = 16M
2025-10-28 14:11:47 0 [Note] InnoDB: Completed initialization of buffer pool
2025-10-28 14:11:47 0 [Note] InnoDB: Starting crash recovery from checkpoint LSN=38789249
2025-10-28 14:11:47 0 [Note] InnoDB: 128 out of 128 rollback segments are active.
2025-10-28 14:11:47 0 [Note] InnoDB: Removed temporary tablespace data file: "ibtmp1"
2025-10-28 14:11:47 0 [Note] InnoDB: Creating shared tablespace for temporary tables
2025-10-28 14:11:47 0 [Note] InnoDB: Setting file 'C:\xampp\mysql\data\ibtmp1' size to 12 MB. Physically writing the file full; Please wait ...
2025-10-28 14:11:47 0 [Note] InnoDB: File 'C:\xampp\mysql\data\ibtmp1' size is now 12 MB.
2025-10-28 14:11:47 0 [Note] InnoDB: Waiting for purge to start
2025-10-28 14:11:47 0 [Note] InnoDB: 10.4.32 started; log sequence number 38789258; transaction id 31077
2025-10-28 14:11:47 0 [Note] InnoDB: Loading buffer pool(s) from C:\xampp\mysql\data\ib_buffer_pool
2025-10-28 14:11:47 0 [Note] Plugin 'FEEDBACK' is disabled.
2025-10-28 14:11:47 0 [Note] Server socket created on IP: '::'.
2025-10-28 14:11:47 0 [Note] Starting MariaDB 10.4.32-MariaDB source revision c4143f909528e3fab0677a28631d10389354c491 as process 21552
2025-10-28 14:11:47 0 [ERROR] InnoDB: The innodb_system data file 'ibdata1' must be writable
2025-10-28 14:11:47 0 [ERROR] InnoDB: The innodb_system data file 'ibdata1' must be writable
2025-10-28 14:11:47 0 [ERROR] Plugin 'InnoDB' registration as a STORAGE ENGINE failed.
2025-10-28 14:11:47 0 [Note] Plugin 'FEEDBACK' is disabled.
2025-10-28 14:11:47 0 [ERROR] Unknown/unsupported storage engine: InnoDB
2025-10-28 14:11:47 0 [ERROR] Aborting
2025-10-28 14:11:49 0 [Note] Starting MariaDB 10.4.32-MariaDB source revision c4143f909528e3fab0677a28631d10389354c491 as process 25764
2025-10-28 14:11:49 0 [Note] InnoDB: Mutexes and rw_locks use Windows interlocked functions
2025-10-28 14:11:49 0 [Note] InnoDB: Uses event mutexes
2025-10-28 14:11:49 0 [Note] InnoDB: Compressed tables use zlib 1.3
2025-10-28 14:11:49 0 [Note] InnoDB: Number of pools: 1
2025-10-28 14:11:49 0 [Note] InnoDB: Using SSE2 crc32 instructions
2025-10-28 14:11:49 0 [Note] InnoDB: Initializing buffer pool, total size = 16M, instances = 1, chunk size = 16M
2025-10-28 14:11:49 0 [Note] InnoDB: Completed initialization of buffer pool
2025-10-28 14:11:49 0 [Note] InnoDB: Starting crash recovery from checkpoint LSN=38789249
2025-10-28 14:11:50 0 [Note] Starting MariaDB 10.4.32-MariaDB source revision c4143f909528e3fab0677a28631d10389354c491 as process 3588
2025-10-28 14:11:50 0 [Note] InnoDB: Mutexes and rw_locks use Windows interlocked functions
2025-10-28 14:11:50 0 [Note] InnoDB: Uses event mutexes
2025-10-28 14:11:50 0 [Note] InnoDB: Compressed tables use zlib 1.3
2025-10-28 14:11:50 0 [Note] InnoDB: Number of pools: 1
2025-10-28 14:11:50 0 [Note] InnoDB: Using SSE2 crc32 instructions
2025-10-28 14:11:50 0 [Note] InnoDB: Initializing buffer pool, total size = 16M, instances = 1, chunk size = 16M
2025-10-28 14:11:50 0 [Note] InnoDB: Completed initialization of buffer pool
2025-10-28 14:11:50 0 [Note] InnoDB: Starting crash recovery from checkpoint LSN=38789249
2025-10-28 14:11:50 0 [Note] Starting MariaDB 10.4.32-MariaDB source revision c4143f909528e3fab0677a28631d10389354c491 as process 19540
2025-10-28 14:11:50 0 [ERROR] InnoDB: The innodb_system data file 'ibdata1' must be writable
2025-10-28 14:11:50 0 [ERROR] InnoDB: The innodb_system data file 'ibdata1' must be writable
2025-10-28 14:11:50 0 [ERROR] Plugin 'InnoDB' registration as a STORAGE ENGINE failed.
2025-10-28 14:11:50 0 [Note] Plugin 'FEEDBACK' is disabled.
2025-10-28 14:11:50 0 [ERROR] Unknown/unsupported storage engine: InnoDB
2025-10-28 14:11:50 0 [ERROR] Aborting
2025-10-28 14:11:50 0 [Note] Starting MariaDB 10.4.32-MariaDB source revision c4143f909528e3fab0677a28631d10389354c491 as process 24964
2025-10-28 14:11:50 0 [Note] InnoDB: 128 out of 128 rollback segments are active.
2025-10-28 21042:51-11:05-02 80  1[4N:o1t1e:]5 0I n0n o[DEBR:R ORRe]m oIvnendo DtBe:m pTohrea riyn ntoadbbl_essypsatceem  ddaattaa  ffiillee:  '"iibbdtamtpa11"'
 must be writable
20252-010-2258- 101-4:218 14:11:1:550 00  [0E R[RNOoRt]e ]I nInnnooDDBB::  TChree aitninnogd bs_hsayrsetde mt daabtlae spfaiclee  f'oirb dtaetmap1o'r amruys tt abbel ewsr
itable
2025-10-28 14:11:50 0 [ERROR] Plugin 'InnoDB' registration as a STORAGE ENGINE failed.
2025-10-28 142:01215:-5100 -02 8[ N1o4t:e1]1 :I5n0n o0D B[:N oSteet]t iPnlgu gfiinl e' F'ECE:D\BxAaCmKp'p \imsy sdqils\adbaltead\.i
btmp1' size to 12 MB. Physically writing the file full; Please wait ...
2025-10-28 14:11:50 0 [Note] InnoDB: File 'C:\xampp\mysql\data\ibtmp1' size is now 12 MB.
2025-10-28 14:11:50 0 [ERROR] Unknown/unsupported storage engine: InnoDB
2025-10-28 14:11:50 0 [ERROR] Aborting
2025-10-28 14:11:50 0 [Note] InnoDB: Waiting for purge to start
2025-10-28 14:11:51 0 [Note] Starting MariaDB 10.4.32-MariaDB source revision c4143f909528e3fab0677a28631d10389354c491 as process 14616
2025-10-28 14:11:51 0 [Note] InnoDB: Mutexes and rw_locks use Windows interlocked functions
2025-10-28 14:11:51 0 [Note] InnoDB: Uses event mutexes
2025-10-28 14:11:51 0 [Note] InnoDB: Compressed tables use zlib 1.3
2025-10-28 14:11:51 0 [Note] InnoDB: Number of pools: 1
2025-10-28 14:11:51 0 [Note] InnoDB: Using SSE2 crc32 instructions
2025-10-28 14:11:51 0 [Note] InnoDB: Initializing buffer pool, total size = 16M, instances = 1, chunk size = 16M
2025-10-28 14:11:51 0 [Note] InnoDB: Completed initialization of buffer pool
2025-10-28 14:11:51 0 [Note] InnoDB: Starting crash recovery from checkpoint LSN=38789249
2025-10-28 14:11:51 0 [Note] InnoDB: 128 out of 128 rollback segments are active.
2025-10-28 14:11:51 0 [Note] InnoDB: Removed temporary tablespace data file: "ibtmp1"
2025-10-28 14:11:51 0 [Note] InnoDB: Creating shared tablespace for temporary tables
2025-10-28 14:11:51 0 [Note] InnoDB: Setting file 'C:\xampp\mysql\data\ibtmp1' size to 12 MB. Physically writing the file full; Please wait ...
2025-10-28 14:11:51 0 [Note] InnoDB: File 'C:\xampp\mysql\data\ibtmp1' size is now 12 MB.
2025-10-28 14:11:51 0 [Note] InnoDB: Waiting for purge to start
2025-10-28 14:11:51 0 [Note] InnoDB: 10.4.32 started; log sequence number 38789258; transaction id 31077
2025-10-28 14:11:51 0 [Note] InnoDB: Loading buffer pool(s) from C:\xampp\mysql\data\ib_buffer_pool
2025-10-28 14:11:51 0 [Note] Plugin 'FEEDBACK' is disabled.
2025-10-28 14:11:51 0 [Note] Server socket created on IP: '::'.
2025-10-28 14:11:52 0 [Note] Starting MariaDB 10.4.32-MariaDB source revision c4143f909528e3fab0677a28631d10389354c491 as process 11208
2025-10-28 14:11:52 0 [Note] InnoDB: Mutexes and rw_locks use Windows interlocked functions
2025-10-28 14:11:52 0 [Note] InnoDB: Uses event mutexes
2025-10-28 14:11:52 0 [Note] InnoDB: Compressed tables use zlib 1.3
2025-10-28 14:11:52 0 [Note] InnoDB: Number of pools: 1
2025-10-28 14:11:52 0 [Note] InnoDB: Using SSE2 crc32 instructions
2025-10-28 14:11:52 0 [Note] InnoDB: Initializing buffer pool, total size = 16M, instances = 1, chunk size = 16M
2025-10-28 14:11:52 0 [Note] InnoDB: Completed initialization of buffer pool
2025-10-28 14:11:52 0 [Note] InnoDB: Starting crash recovery from checkpoint LSN=38789249
2025-10-28 14:11:52 0 [Note] Starting MariaDB 10.4.32-MariaDB source revision c4143f909528e3fab0677a28631d10389354c491 as process 21516
2025-10-28 14:11:52 0 [ERROR] InnoDB: The innodb_system data file 'ibdata1' must be writable
2025-10-28 14:11:52 0 [ERROR] InnoDB: The innodb_system data file 'ibdata1' must be writable
2025-10-28 14:11:52 0 [ERROR] Plugin 'InnoDB' registration as a STORAGE ENGINE failed.
2025-10-28 14:11:52 0 [Note] Plugin 'FEEDBACK' is disabled.
2025-10-28 14:11:52 0 [ERROR] Unknown/unsupported storage engine: InnoDB
2025-10-28 14:11:52 0 [ERROR] Aborting
2025-10-28 14:11:53 0 [Note] Starting MariaDB 10.4.32-MariaDB source revision c4143f909528e3fab0677a28631d10389354c491 as process 6492
2025-10-28 14:11:53 0 [Note] InnoDB: Mutexes and rw_locks use Windows interlocked functions
2025-10-28 14:11:53 0 [Note] InnoDB: Uses event mutexes
2025-10-28 14:11:53 0 [Note] InnoDB: Compressed tables use zlib 1.3
2025-10-28 14:11:53 0 [Note] InnoDB: Number of pools: 1
2025-10-28 14:11:53 0 [Note] InnoDB: Using SSE2 crc32 instructions
2025-10-28 14:11:53 0 [Note] InnoDB: Initializing buffer pool, total size = 16M, instances = 1, chunk size = 16M
2025-10-28 14:11:53 0 [Note] InnoDB: Completed initialization of buffer pool
2025-10-28 14:11:53 0 [Note] InnoDB: Starting crash recovery from checkpoint LSN=38789249
2025-10-28 14:11:53 0 [Note] InnoDB: 128 out of 128 rollback segments are active.
2025-10-28 14:11:53 0 [Note] InnoDB: Removed temporary tablespace data file: "ibtmp1"
2025-10-28 14:11:53 0 [Note] InnoDB: Creating shared tablespace for temporary tables
20252025-10-28 14:11:54 0 [Note] Starting MariaDB 10.4.32-MariaDB source revision c4143f909528e3fab0677a28631d10389354c491 as process 10324
2025-10-28 14:11:54 0 [Note] InnoDB: Mutexes and rw_locks use Windows interlocked functions
2025-10-28 14:11:54 0 [Note] InnoDB: Uses event mutexes
2025-10-28 14:11:54 0 [Note] InnoDB: Compressed tables use zlib 1.3
2025-10-28 14:11:54 0 [Note] InnoDB: Number of pools: 1
2025-10-28 14:11:54 0 [Note] InnoDB: Using SSE2 crc32 instructions
2025-10-28 14:11:54 0 [Note] InnoDB: Initializing buffer pool, total size = 16M, instances = 1, chunk size = 16M
2025-10-28 14:11:54 0 [Note] InnoDB: Completed initialization of buffer pool
2025-10-28 14:11:54 0 [Note] InnoDB: Starting crash recovery from checkpoint LSN=38789249
2025-10-28 14:11:54 0 [Note] Starting MariaDB 10.4.32-MariaDB source revision c4143f909528e3fab0677a28631d10389354c491 as process 7524
2025-10-28 14:11:54 0 [ERROR] InnoDB: The innodb_system data file 'ibdata1' must be writable
2025-10-28 14:11:54 0 [ERROR] InnoDB: The innodb_system data file 'ibdata1' must be writable
2025-10-28 14:11:54 0 [ERROR] Plugin 'InnoDB' registration as a STORAGE ENGINE failed.
2025-10-28 14:11:54 0 [Note] Plugin 'FEEDBACK' is disabled.
2025-10-28 14:11:54 0 [ERROR] Unknown/unsupported storage engine: InnoDB
2025-10-28 14:11:54 0 [ERROR] Aborting
2025-10-28 14:11:54 0 [Note] InnoDB: 128 out of 128 rollback segments are active.
2025-10-28 14:11:54 0 [Note] InnoDB: Removed temporary tablespace data file: "ibtmp1"
2025-10-28 14:11:54 0 [Note] InnoDB: Creating shared tablespace for temporary tables
2025-10-28 14:11:54 0 [Note] InnoDB: Setting file 'C:\xampp\mysql\data\ibtmp1' size to 12 MB. Physically writing the file full; Please wait ...
2025-10-28 14:11:54 0 [Note] InnoDB: File 'C:\xampp\mysql\data\ibtmp1' size is now 12 MB.
2025-10-28 14:11:54 0 [Note] InnoDB: Waiting for purge to start
2025-10-28 14:11:54 0 [Note] Starting MariaDB 10.4.32-MariaDB source revision c4143f909528e3fab0677a28631d10389354c491 as process 1384
2025-10-28 14:11:54 0 [ERROR] InnoDB: The innodb_system data file 'ibdata1' must be writable
2025-10-28 14:11:54 0 [ERROR] InnoDB: The innodb_system data file 'ibdata1' must be writable
2025-10-28 14:11:54 0 [ERROR] Plugin 'InnoDB' registration as a STORAGE ENGINE failed.
2025-10-28 14:11:54 0 [Note] Plugin 'FEEDBACK' is disabled.
2025-10-28 14:11:54 0 [ERROR] Unknown/unsupported storage engine: InnoDB
2025-10-28 14:11:54 0 [ERROR] Aborting
2025-10-28 14:11:54 0 [Note] InnoDB: 10.4.32 started; log sequence number 38789258; transaction id 31077
2025-10-28 14:11:54 0 [Note] InnoDB: Loading buffer pool(s) from C:\xampp\mysql\data\ib_buffer_pool
2025-10-28 14:11:54 0 [Note] Plugin 'FEEDBACK' is disabled.
2025-10-28 14:11:54 0 [Note] Server socket created on IP: '::'.
2025-10-28 14:11:56 0 [Note] Starting MariaDB 10.4.32-MariaDB source revision c4143f909528e3fab0677a28631d10389354c491 as process 12008
2025-10-28 14:11:56 0 [Note] InnoDB: Mutexes and rw_locks use Windows interlocked functions
2025-10-28 14:11:56 0 [Note] InnoDB: Uses event mutexes
2025-10-28 14:11:56 0 [Note] InnoDB: Compressed tables use zlib 1.3
2025-10-28 14:11:56 0 [Note] InnoDB: Number of pools: 1
2025-10-28 14:11:56 0 [Note] InnoDB: Using SSE2 crc32 instructions
2025-10-28 14:11:56 0 [Note] InnoDB: Initializing buffer pool, total size = 16M, instances = 1, chunk size = 16M
2025-10-28 14:11:56 0 [Note] InnoDB: Completed initialization of buffer pool
2025-10-28 14:11:56 0 [Note] InnoDB: Starting crash recovery from checkpoint LSN=38789249
2025-10-28 14:12:01 0 [Note] Starting MariaDB 10.4.32-MariaDB source revision c4143f909528e3fab0677a28631d10389354c491 as process 10444
2025-10-28 14:12:01 0 [Note] InnoDB: Mutexes and rw_locks use Windows interlocked functions
2025-10-28 14:12:01 0 [Note] InnoDB: Uses event mutexes
2025-10-28 14:12:01 0 [Note] InnoDB: Compressed tables use zlib 1.3
2025-10-28 14:12:01 0 [Note] InnoDB: Number of pools: 1
2025-10-28 14:12:01 0 [Note] InnoDB: Using SSE2 crc32 instructions
2025-10-28 14:12:01 0 [Note] InnoDB: Initializing buffer pool, total size = 16M, instances = 1, chunk size = 16M
2025-10-28 14:12:01 0 [Note] InnoDB: Completed initialization of buffer pool
2025-10-28 14:12:01 0 [Note] InnoDB: Starting crash recovery from checkpoint LSN=38789249
2025-10-28 14:12:01 0 [Note] InnoDB: 128 out of 128 rollback segments are active.
2025-10-28 14:12:01 0 [Note] InnoDB: Removed temporary tablespace data file: "ibtmp1"
2025-10-28 14:12:01 0 [Note] InnoDB: Creating shared tablespace for temporary tables
2025-10-28 14:12:01 0 [Note] InnoDB: Setting file 'C:\xampp\mysql\data\ibtmp1' size to 12 MB. Physically writing the file full; Please wait ...
2025-10-28 14:12:01 0 [Note] InnoDB: File 'C:\xampp\mysql\data\ibtmp1' size is now 12 MB.
2025-10-28 14:12:01 0 [Note] InnoDB: Waiting for purge to start
2025-10-28 14:12:01 0 [Note] InnoDB: 10.4.32 started; log sequence number 38789258; transaction id 31077
2025-10-28 14:12:01 0 [Note] InnoDB: Loading buffer pool(s) from C:\xampp\mysql\data\ib_buffer_pool
2025-10-28 14:12:01 0 [Note] Plugin 'FEEDBACK' is disabled.
2025-10-28 14:12:01 0 [Note] Server socket created on IP: '::'.
2025-10-28 14:12:05 0 [Note] Starting MariaDB 10.4.32-MariaDB source revision c4143f909528e3fab0677a28631d10389354c491 as process 25244
2025-10-28 14:12:05 0 [Note] InnoDB: Mutexes and rw_locks use Windows interlocked functions
2025-10-28 14:12:05 0 [Note] InnoDB: Uses event mutexes
2025-10-28 14:12:05 0 [Note] InnoDB: Compressed tables use zlib 1.3
2025-10-28 14:12:05 0 [Note] InnoDB: Number of pools: 1
2025-10-28 14:12:05 0 [Note] InnoDB: Using SSE2 crc32 instructions
2025-10-28 14:12:05 0 [Note] InnoDB: Initializing buffer pool, total size = 16M, instances = 1, chunk size = 16M
2025-10-28 14:12:05 0 [Note] InnoDB: Completed initialization of buffer pool
2025-10-28 14:12:05 0 [Note] InnoDB: Starting crash recovery from checkpoint LSN=38789249
2025-10-28 14:12:05 0 [Note] InnoDB: 128 out of 128 rollback segments are active.
2025-10-28 14:12:05 0 [Note] InnoDB: Removed temporary tablespace data file: "ibtmp1"
2025-10-28 14:12:05 0 [Note] InnoDB: Creating shared tablespace for temporary tables
2025-10-28 14:12:05 0 [Note] InnoDB: Setting file 'C:\xampp\mysql\data\ibtmp1' size to 12 MB. Physically writing the file full; Please wait ...
2025-10-28 14:12:05 0 [Note] InnoDB: File 'C:\xampp\mysql\data\ibtmp1' size is now 12 MB.
2025-10-28 14:12:05 0 [Note] InnoDB: Waiting for purge to start
2025-10-28 14:12:05 0 [Note] InnoDB: 10.4.32 started; log sequence number 38789258; transaction id 31077
2025-10-28 14:12:05 0 [Note] InnoDB: Loading buffer pool(s) from C:\xampp\mysql\data\ib_buffer_pool
2025-10-28 14:12:05 0 [Note] Plugin 'FEEDBACK' is disabled.
2025-10-28 14:12:05 0 [Note] Server socket created on IP: '::'.
2025-10-30 10:27:53 0 [Note] Starting MariaDB 10.4.32-MariaDB source revision c4143f909528e3fab0677a28631d10389354c491 as process 15544
2025-10-30 10:27:53 0 [Note] InnoDB: Mutexes and rw_locks use Windows interlocked functions
2025-10-30 10:27:53 0 [Note] InnoDB: Uses event mutexes
2025-10-30 10:27:53 0 [Note] InnoDB: Compressed tables use zlib 1.3
2025-10-30 10:27:53 0 [Note] InnoDB: Number of pools: 1
2025-10-30 10:27:53 0 [Note] InnoDB: Using SSE2 crc32 instructions
2025-10-30 10:27:53 0 [Note] InnoDB: Initializing buffer pool, total size = 16M, instances = 1, chunk size = 16M
2025-10-30 10:27:53 0 [Note] InnoDB: Completed initialization of buffer pool
2025-10-30 10:27:53 0 [Note] InnoDB: Starting crash recovery from checkpoint LSN=38801389
2025-10-30 10:27:55 0 [Note] InnoDB: 128 out of 128 rollback segments are active.
2025-10-30 10:27:55 0 [Note] InnoDB: Removed temporary tablespace data file: "ibtmp1"
2025-10-30 10:27:55 0 [Note] InnoDB: Creating shared tablespace for temporary tables
2025-10-30 10:27:55 0 [Note] InnoDB: Setting file 'C:\xampp\mysql\data\ibtmp1' size to 12 MB. Physically writing the file full; Please wait ...
2025-10-30 10:27:55 0 [Note] InnoDB: File 'C:\xampp\mysql\data\ibtmp1' size is now 12 MB.
2025-10-30 10:27:55 0 [Note] InnoDB: Waiting for purge to start
2025-10-30 10:27:55 0 [Note] InnoDB: 10.4.32 started; log sequence number 38801398; transaction id 31189
2025-10-30 10:27:55 0 [Note] InnoDB: Loading buffer pool(s) from C:\xampp\mysql\data\ib_buffer_pool
2025-10-30 10:27:55 0 [Note] Plugin 'FEEDBACK' is disabled.
2025-10-30 10:27:55 0 [Note] InnoDB: Buffer pool(s) load completed at 251030 10:27:55
2025-10-30 10:27:55 0 [Note] Server socket created on IP: '::'.
2025-10-30 12:04:59 0 [Note] Starting MariaDB 10.4.32-MariaDB source revision c4143f909528e3fab0677a28631d10389354c491 as process 7032
2025-10-30 12:04:59 0 [Note] InnoDB: Mutexes and rw_locks use Windows interlocked functions
2025-10-30 12:04:59 0 [Note] InnoDB: Uses event mutexes
2025-10-30 12:04:59 0 [Note] InnoDB: Compressed tables use zlib 1.3
2025-10-30 12:04:59 0 [Note] InnoDB: Number of pools: 1
2025-10-30 12:04:59 0 [Note] InnoDB: Using SSE2 crc32 instructions
2025-10-30 12:04:59 0 [Note] InnoDB: Initializing buffer pool, total size = 16M, instances = 1, chunk size = 16M
2025-10-30 12:04:59 0 [Note] InnoDB: Completed initialization of buffer pool
2025-10-30 12:04:59 0 [Note] InnoDB: Starting crash recovery from checkpoint LSN=38801423
2025-10-30 12:04:59 0 [Note] InnoDB: 128 out of 128 rollback segments are active.
2025-10-30 12:04:59 0 [Note] InnoDB: Removed temporary tablespace data file: "ibtmp1"
2025-10-30 12:04:59 0 [Note] InnoDB: Creating shared tablespace for temporary tables
2025-10-30 12:04:59 0 [Note] InnoDB: Setting file 'C:\xampp\mysql\data\ibtmp1' size to 12 MB. Physically writing the file full; Please wait ...
2025-10-30 12:04:59 0 [Note] InnoDB: File 'C:\xampp\mysql\data\ibtmp1' size is now 12 MB.
2025-10-30 12:04:59 0 [Note] InnoDB: Waiting for purge to start
2025-10-30 12:05:00 0 [Note] InnoDB: 10.4.32 started; log sequence number 38801432; transaction id 31189
2025-10-30 12:05:00 0 [Note] InnoDB: Loading buffer pool(s) from C:\xampp\mysql\data\ib_buffer_pool
2025-10-30 12:05:00 0 [Note] Plugin 'FEEDBACK' is disabled.
2025-10-30 12:05:00 0 [Note] Server socket created on IP: '::'.
2025-10-30 12:05:00 0 [Note] InnoDB: Buffer pool(s) load completed at 251030 12:05:00
2025-10-30 12:05:00 0 [Note] Reading of all Master_info entries succeeded
2025-10-30 12:05:00 0 [Note] Added new Master_info '' to hash table
2025-10-30 12:05:00 0 [Note] c:\xampp\mysql\bin\mysqld.exe: ready for connections.
Version: '10.4.32-MariaDB'  socket: ''  port: 3307  mariadb.org binary distribution
2025-11-07 20:23:49 0 [Note] Starting MariaDB 10.4.32-MariaDB source revision c4143f909528e3fab0677a28631d10389354c491 as process 15540
2025-11-07 20:23:49 0 [Note] InnoDB: Mutexes and rw_locks use Windows interlocked functions
2025-11-07 20:23:49 0 [Note] InnoDB: Uses event mutexes
2025-11-07 20:23:49 0 [Note] InnoDB: Compressed tables use zlib 1.3
2025-11-07 20:23:49 0 [Note] InnoDB: Number of pools: 1
2025-11-07 20:23:49 0 [Note] InnoDB: Using SSE2 crc32 instructions
2025-11-07 20:23:49 0 [Note] InnoDB: Initializing buffer pool, total size = 16M, instances = 1, chunk size = 16M
2025-11-07 20:23:49 0 [Note] InnoDB: Completed initialization of buffer pool
2025-11-07 20:23:49 0 [Note] InnoDB: Starting crash recovery from checkpoint LSN=38801441
2025-11-07 20:23:52 0 [Note] InnoDB: 128 out of 128 rollback segments are active.
2025-11-07 20:23:52 0 [Note] InnoDB: Removed temporary tablespace data file: "ibtmp1"
2025-11-07 20:23:52 0 [Note] InnoDB: Creating shared tablespace for temporary tables
2025-11-07 20:23:52 0 [Note] InnoDB: Setting file 'C:\xampp\mysql\data\ibtmp1' size to 12 MB. Physically writing the file full; Please wait ...
2025-11-07 20:23:52 0 [Note] InnoDB: File 'C:\xampp\mysql\data\ibtmp1' size is now 12 MB.
2025-11-07 20:23:52 0 [Note] InnoDB: Waiting for purge to start
2025-11-07 20:23:52 0 [Note] InnoDB: 10.4.32 started; log sequence number 38801450; transaction id 31189
2025-11-07 20:23:52 0 [Note] InnoDB: Loading buffer pool(s) from C:\xampp\mysql\data\ib_buffer_pool
2025-11-07 20:23:52 0 [Note] Plugin 'FEEDBACK' is disabled.
2025-11-07 20:23:52 0 [Note] InnoDB: Buffer pool(s) load completed at 251107 20:23:52
2025-11-07 20:23:52 0 [Note] Server socket created on IP: '::'.
2025-11-13 11:57:02 0 [Note] Starting MariaDB 10.4.32-MariaDB source revision c4143f909528e3fab0677a28631d10389354c491 as process 14444
2025-11-13 11:57:02 0 [Note] InnoDB: Mutexes and rw_locks use Windows interlocked functions
2025-11-13 11:57:02 0 [Note] InnoDB: Uses event mutexes
2025-11-13 11:57:02 0 [Note] InnoDB: Compressed tables use zlib 1.3
2025-11-13 11:57:02 0 [Note] InnoDB: Number of pools: 1
2025-11-13 11:57:02 0 [Note] InnoDB: Using SSE2 crc32 instructions
2025-11-13 11:57:02 0 [Note] InnoDB: Initializing buffer pool, total size = 16M, instances = 1, chunk size = 16M
2025-11-13 11:57:02 0 [Note] InnoDB: Completed initialization of buffer pool
2025-11-13 11:57:02 0 [Note] InnoDB: Starting crash recovery from checkpoint LSN=38801459
2025-11-13 11:57:03 0 [Note] InnoDB: 128 out of 128 rollback segments are active.
2025-11-13 11:57:03 0 [Note] InnoDB: Removed temporary tablespace data file: "ibtmp1"
2025-11-13 11:57:03 0 [Note] InnoDB: Creating shared tablespace for temporary tables
2025-11-13 11:57:03 0 [Note] InnoDB: Setting file 'C:\xampp\mysql\data\ibtmp1' size to 12 MB. Physically writing the file full; Please wait ...
2025-11-13 11:57:03 0 [Note] InnoDB: File 'C:\xampp\mysql\data\ibtmp1' size is now 12 MB.
2025-11-13 11:57:03 0 [Note] InnoDB: Waiting for purge to start
2025-11-13 11:57:03 0 [Note] InnoDB: 10.4.32 started; log sequence number 38801468; transaction id 31189
2025-11-13 11:57:03 0 [Note] InnoDB: Loading buffer pool(s) from C:\xampp\mysql\data\ib_buffer_pool
2025-11-13 11:57:03 0 [Note] Plugin 'FEEDBACK' is disabled.
2025-11-13 11:57:03 0 [Note] InnoDB: Buffer pool(s) load completed at 251113 11:57:03
2025-11-13 11:57:03 0 [Note] Server socket created on IP: '::'.
2025-11-28  2:39:44 0 [Note] Starting MariaDB 10.4.32-MariaDB source revision c4143f909528e3fab0677a28631d10389354c491 as process 11560
2025-11-28  2:39:44 0 [Note] InnoDB: Mutexes and rw_locks use Windows interlocked functions
2025-11-28  2:39:44 0 [Note] InnoDB: Uses event mutexes
2025-11-28  2:39:44 0 [Note] InnoDB: Compressed tables use zlib 1.3
2025-11-28  2:39:44 0 [Note] InnoDB: Number of pools: 1
2025-11-28  2:39:44 0 [Note] InnoDB: Using SSE2 crc32 instructions
2025-11-28  2:39:44 0 [Note] InnoDB: Initializing buffer pool, total size = 16M, instances = 1, chunk size = 16M
2025-11-28  2:39:44 0 [Note] InnoDB: Completed initialization of buffer pool
2025-11-28  2:39:44 0 [Note] InnoDB: Starting crash recovery from checkpoint LSN=38801477
2025-11-28  2:39:45 0 [Note] InnoDB: 128 out of 128 rollback segments are active.
2025-11-28  2:39:45 0 [Note] InnoDB: Removed temporary tablespace data file: "ibtmp1"
2025-11-28  2:39:45 0 [Note] InnoDB: Creating shared tablespace for temporary tables
2025-11-28  2:39:45 0 [Note] InnoDB: Setting file 'C:\xampp\mysql\data\ibtmp1' size to 12 MB. Physically writing the file full; Please wait ...
2025-11-28  2:39:45 0 [Note] InnoDB: File 'C:\xampp\mysql\data\ibtmp1' size is now 12 MB.
2025-11-28  2:39:45 0 [Note] InnoDB: Waiting for purge to start
2025-11-28  2:39:45 0 [Note] InnoDB: 10.4.32 started; log sequence number 38801486; transaction id 31189
2025-11-28  2:39:45 0 [Note] InnoDB: Loading buffer pool(s) from C:\xampp\mysql\data\ib_buffer_pool
2025-11-28  2:39:45 0 [Note] Plugin 'FEEDBACK' is disabled.
2025-11-28  2:39:45 0 [Note] InnoDB: Buffer pool(s) load completed at 251128  2:39:45
2025-11-28  2:39:45 0 [Note] Server socket created on IP: '::'.
2025-11-28 15:25:20 0 [Note] Starting MariaDB 10.4.32-MariaDB source revision c4143f909528e3fab0677a28631d10389354c491 as process 4976
2025-11-28 15:25:20 0 [Note] InnoDB: Mutexes and rw_locks use Windows interlocked functions
2025-11-28 15:25:20 0 [Note] InnoDB: Uses event mutexes
2025-11-28 15:25:20 0 [Note] InnoDB: Compressed tables use zlib 1.3
2025-11-28 15:25:20 0 [Note] InnoDB: Number of pools: 1
2025-11-28 15:25:20 0 [Note] InnoDB: Using SSE2 crc32 instructions
2025-11-28 15:25:20 0 [Note] InnoDB: Initializing buffer pool, total size = 16M, instances = 1, chunk size = 16M
2025-11-28 15:25:20 0 [Note] InnoDB: Completed initialization of buffer pool
2025-11-28 15:25:20 0 [Note] InnoDB: Starting crash recovery from checkpoint LSN=38801495
2025-11-28 15:25:21 0 [Note] InnoDB: 128 out of 128 rollback segments are active.
2025-11-28 15:25:21 0 [Note] InnoDB: Removed temporary tablespace data file: "ibtmp1"
2025-11-28 15:25:21 0 [Note] InnoDB: Creating shared tablespace for temporary tables
2025-11-28 15:25:21 0 [Note] InnoDB: Setting file 'C:\xampp\mysql\data\ibtmp1' size to 12 MB. Physically writing the file full; Please wait ...
2025-11-28 15:25:21 0 [Note] InnoDB: File 'C:\xampp\mysql\data\ibtmp1' size is now 12 MB.
2025-11-28 15:25:21 0 [Note] InnoDB: Waiting for purge to start
2025-11-28 15:25:21 0 [Note] InnoDB: 10.4.32 started; log sequence number 38801504; transaction id 31189
2025-11-28 15:25:21 0 [Note] InnoDB: Loading buffer pool(s) from C:\xampp\mysql\data\ib_buffer_pool
2025-11-28 15:25:21 0 [Note] Plugin 'FEEDBACK' is disabled.
2025-11-28 15:25:21 0 [Note] InnoDB: Buffer pool(s) load completed at 251128 15:25:21
2025-11-28 15:25:21 0 [Note] Server socket created on IP: '::'.
2025-12-02  1:57:11 0 [Note] Starting MariaDB 10.4.32-MariaDB source revision c4143f909528e3fab0677a28631d10389354c491 as process 6148
2025-12-02  1:57:11 0 [Note] InnoDB: Mutexes and rw_locks use Windows interlocked functions
2025-12-02  1:57:11 0 [Note] InnoDB: Uses event mutexes
2025-12-02  1:57:11 0 [Note] InnoDB: Compressed tables use zlib 1.3
2025-12-02  1:57:11 0 [Note] InnoDB: Number of pools: 1
2025-12-02  1:57:11 0 [Note] InnoDB: Using SSE2 crc32 instructions
2025-12-02  1:57:11 0 [Note] InnoDB: Initializing buffer pool, total size = 16M, instances = 1, chunk size = 16M
2025-12-02  1:57:11 0 [Note] InnoDB: Completed initialization of buffer pool
2025-12-02  1:57:11 0 [Note] InnoDB: Starting crash recovery from checkpoint LSN=38813661
2025-12-02  1:57:12 0 [Note] InnoDB: 128 out of 128 rollback segments are active.
2025-12-02  1:57:12 0 [Note] InnoDB: Removed temporary tablespace data file: "ibtmp1"
2025-12-02  1:57:12 0 [Note] InnoDB: Creating shared tablespace for temporary tables
2025-12-02  1:57:12 0 [Note] InnoDB: Setting file 'C:\xampp\mysql\data\ibtmp1' size to 12 MB. Physically writing the file full; Please wait ...
2025-12-02  1:57:12 0 [Note] InnoDB: File 'C:\xampp\mysql\data\ibtmp1' size is now 12 MB.
2025-12-02  1:57:12 0 [Note] InnoDB: Waiting for purge to start
2025-12-02  1:57:13 0 [Note] InnoDB: 10.4.32 started; log sequence number 38813670; transaction id 31272
2025-12-02  1:57:13 0 [Note] InnoDB: Loading buffer pool(s) from C:\xampp\mysql\data\ib_buffer_pool
2025-12-02  1:57:13 0 [Note] Plugin 'FEEDBACK' is disabled.
2025-12-02  1:57:13 0 [Note] InnoDB: Buffer pool(s) load completed at 251202  1:57:13
2025-12-02  1:57:13 0 [Note] Server socket created on IP: '::'.
2025-12-12 20:26:54 0 [Note] Starting MariaDB 10.4.32-MariaDB source revision c4143f909528e3fab0677a28631d10389354c491 as process 21876
2025-12-12 20:26:54 0 [Note] InnoDB: Mutexes and rw_locks use Windows interlocked functions
2025-12-12 20:26:54 0 [Note] InnoDB: Uses event mutexes
2025-12-12 20:26:54 0 [Note] InnoDB: Compressed tables use zlib 1.3
2025-12-12 20:26:54 0 [Note] InnoDB: Number of pools: 1
2025-12-12 20:26:54 0 [Note] InnoDB: Using SSE2 crc32 instructions
2025-12-12 20:26:54 0 [Note] InnoDB: Initializing buffer pool, total size = 16M, instances = 1, chunk size = 16M
2025-12-12 20:26:54 0 [Note] InnoDB: Completed initialization of buffer pool
2025-12-12 20:26:54 0 [Note] InnoDB: Starting crash recovery from checkpoint LSN=38824129
2025-12-12 20:26:55 0 [Note] InnoDB: 128 out of 128 rollback segments are active.
2025-12-12 20:26:55 0 [Note] InnoDB: Removed temporary tablespace data file: "ibtmp1"
2025-12-12 20:26:55 0 [Note] InnoDB: Creating shared tablespace for temporary tables
2025-12-12 20:26:55 0 [Note] InnoDB: Setting file 'C:\xampp\mysql\data\ibtmp1' size to 12 MB. Physically writing the file full; Please wait ...
2025-12-12 20:26:55 0 [Note] InnoDB: File 'C:\xampp\mysql\data\ibtmp1' size is now 12 MB.
2025-12-12 20:26:55 0 [Note] InnoDB: Waiting for purge to start
2025-12-12 20:26:55 0 [Note] InnoDB: 10.4.32 started; log sequence number 38824138; transaction id 31320
2025-12-12 20:26:55 0 [Note] InnoDB: Loading buffer pool(s) from C:\xampp\mysql\data\ib_buffer_pool
2025-12-12 20:26:55 0 [Note] Plugin 'FEEDBACK' is disabled.
2025-12-12 20:26:55 0 [Note] InnoDB: Buffer pool(s) load completed at 251212 20:26:55
2025-12-12 20:26:55 0 [Note] Server socket created on IP: '::'.
2025-12-19 16:39:27 0 [Note] Starting MariaDB 10.4.32-MariaDB source revision c4143f909528e3fab0677a28631d10389354c491 as process 16392
2025-12-19 16:39:27 0 [Note] InnoDB: Mutexes and rw_locks use Windows interlocked functions
2025-12-19 16:39:27 0 [Note] InnoDB: Uses event mutexes
2025-12-19 16:39:27 0 [Note] InnoDB: Compressed tables use zlib 1.3
2025-12-19 16:39:27 0 [Note] InnoDB: Number of pools: 1
2025-12-19 16:39:27 0 [Note] InnoDB: Using SSE2 crc32 instructions
2025-12-19 16:39:27 0 [Note] InnoDB: Initializing buffer pool, total size = 16M, instances = 1, chunk size = 16M
2025-12-19 16:39:27 0 [Note] InnoDB: Completed initialization of buffer pool
2025-12-19 16:39:27 0 [Note] InnoDB: Starting crash recovery from checkpoint LSN=39173863
2025-12-19 16:39:28 0 [Note] InnoDB: 128 out of 128 rollback segments are active.
2025-12-19 16:39:28 0 [Note] InnoDB: Removed temporary tablespace data file: "ibtmp1"
2025-12-19 16:39:28 0 [Note] InnoDB: Creating shared tablespace for temporary tables
2025-12-19 16:39:28 0 [Note] InnoDB: Setting file 'C:\xampp\mysql\data\ibtmp1' size to 12 MB. Physically writing the file full; Please wait ...
2025-12-19 16:39:28 0 [Note] InnoDB: File 'C:\xampp\mysql\data\ibtmp1' size is now 12 MB.
2025-12-19 16:39:28 0 [Note] InnoDB: Waiting for purge to start
2025-12-19 16:39:28 0 [Note] InnoDB: 10.4.32 started; log sequence number 39173872; transaction id 31779
2025-12-19 16:39:28 0 [Note] InnoDB: Loading buffer pool(s) from C:\xampp\mysql\data\ib_buffer_pool
2025-12-19 16:39:28 0 [Note] Plugin 'FEEDBACK' is disabled.
2025-12-19 16:39:28 0 [Note] InnoDB: Buffer pool(s) load completed at 251219 16:39:28
2025-12-19 16:39:28 0 [Note] Server socket created on IP: '::'.
2026-01-22  0:38:20 0 [Note] Starting MariaDB 10.4.32-MariaDB source revision c4143f909528e3fab0677a28631d10389354c491 as process 15780
2026-01-22  0:38:20 0 [Note] InnoDB: Mutexes and rw_locks use Windows interlocked functions
2026-01-22  0:38:20 0 [Note] InnoDB: Uses event mutexes
2026-01-22  0:38:20 0 [Note] InnoDB: Compressed tables use zlib 1.3
2026-01-22  0:38:20 0 [Note] InnoDB: Number of pools: 1
2026-01-22  0:38:20 0 [Note] InnoDB: Using SSE2 crc32 instructions
2026-01-22  0:38:20 0 [Note] InnoDB: Initializing buffer pool, total size = 16M, instances = 1, chunk size = 16M
2026-01-22  0:38:20 0 [Note] InnoDB: Completed initialization of buffer pool
2026-01-22  0:38:20 0 [Note] InnoDB: Starting crash recovery from checkpoint LSN=42282994
2026-01-22  0:38:20 0 [Note] InnoDB: Starting final batch to recover 4 pages from redo log.
2026-01-22  0:38:22 0 [Note] InnoDB: 128 out of 128 rollback segments are active.
2026-01-22  0:38:22 0 [Note] InnoDB: Removed temporary tablespace data file: "ibtmp1"
2026-01-22  0:38:22 0 [Note] InnoDB: Creating shared tablespace for temporary tables
2026-01-22  0:38:22 0 [Note] InnoDB: Setting file 'C:\xampp\mysql\data\ibtmp1' size to 12 MB. Physically writing the file full; Please wait ...
2026-01-22  0:38:22 0 [Note] InnoDB: File 'C:\xampp\mysql\data\ibtmp1' size is now 12 MB.
2026-01-22  0:38:22 0 [Note] InnoDB: Waiting for purge to start
2026-01-22  0:38:22 0 [Note] InnoDB: 10.4.32 started; log sequence number 42284474; transaction id 32565
2026-01-22  0:38:22 0 [Note] InnoDB: Loading buffer pool(s) from C:\xampp\mysql\data\ib_buffer_pool
2026-01-22  0:38:22 0 [Note] Plugin 'FEEDBACK' is disabled.
2026-01-22  0:38:22 0 [Note] InnoDB: Buffer pool(s) load completed at 260122  0:38:22
2026-01-22  0:38:22 0 [Note] Server socket created on IP: '::'.
2026-01-26 18:53:42 0 [Note] Starting MariaDB 10.4.32-MariaDB source revision c4143f909528e3fab0677a28631d10389354c491 as process 20060
2026-01-26 18:53:42 0 [Note] InnoDB: Mutexes and rw_locks use Windows interlocked functions
2026-01-26 18:53:42 0 [Note] InnoDB: Uses event mutexes
2026-01-26 18:53:42 0 [Note] InnoDB: Compressed tables use zlib 1.3
2026-01-26 18:53:42 0 [Note] InnoDB: Number of pools: 1
2026-01-26 18:53:42 0 [Note] InnoDB: Using SSE2 crc32 instructions
2026-01-26 18:53:42 0 [Note] InnoDB: Initializing buffer pool, total size = 16M, instances = 1, chunk size = 16M
2026-01-26 18:53:42 0 [Note] InnoDB: Completed initialization of buffer pool
2026-01-26 18:53:42 0 [Note] InnoDB: Starting crash recovery from checkpoint LSN=42300091
2026-01-26 18:53:44 0 [Note] InnoDB: 128 out of 128 rollback segments are active.
2026-01-26 18:53:44 0 [Note] InnoDB: Removed temporary tablespace data file: "ibtmp1"
2026-01-26 18:53:44 0 [Note] InnoDB: Creating shared tablespace for temporary tables
2026-01-26 18:53:44 0 [Note] InnoDB: Setting file 'C:\xampp\mysql\data\ibtmp1' size to 12 MB. Physically writing the file full; Please wait ...
2026-01-26 18:53:44 0 [Note] InnoDB: File 'C:\xampp\mysql\data\ibtmp1' size is now 12 MB.
2026-01-26 18:53:44 0 [Note] InnoDB: Waiting for purge to start
2026-01-26 18:53:44 0 [Note] InnoDB: 10.4.32 started; log sequence number 42300100; transaction id 32607
2026-01-26 18:53:44 0 [Note] InnoDB: Loading buffer pool(s) from C:\xampp\mysql\data\ib_buffer_pool
2026-01-26 18:53:44 0 [Note] Plugin 'FEEDBACK' is disabled.
2026-01-26 18:53:44 0 [Note] InnoDB: Buffer pool(s) load completed at 260126 18:53:44
2026-01-26 18:53:44 0 [Note] Server socket created on IP: '::'.
2026-01-30 13:11:36 0 [Note] Starting MariaDB 10.4.32-MariaDB source revision c4143f909528e3fab0677a28631d10389354c491 as process 14828
2026-01-30 13:11:36 0 [Note] InnoDB: Mutexes and rw_locks use Windows interlocked functions
2026-01-30 13:11:36 0 [Note] InnoDB: Uses event mutexes
2026-01-30 13:11:36 0 [Note] InnoDB: Compressed tables use zlib 1.3
2026-01-30 13:11:36 0 [Note] InnoDB: Number of pools: 1
2026-01-30 13:11:36 0 [Note] InnoDB: Using SSE2 crc32 instructions
2026-01-30 13:11:36 0 [Note] InnoDB: Initializing buffer pool, total size = 16M, instances = 1, chunk size = 16M
2026-01-30 13:11:36 0 [Note] InnoDB: Completed initialization of buffer pool
2026-01-30 13:11:36 0 [Note] InnoDB: Starting crash recovery from checkpoint LSN=42300109
2026-01-30 13:11:37 0 [Note] InnoDB: 128 out of 128 rollback segments are active.
2026-01-30 13:11:37 0 [Note] InnoDB: Removed temporary tablespace data file: "ibtmp1"
2026-01-30 13:11:37 0 [Note] InnoDB: Creating shared tablespace for temporary tables
2026-01-30 13:11:37 0 [Note] InnoDB: Setting file 'C:\xampp\mysql\data\ibtmp1' size to 12 MB. Physically writing the file full; Please wait ...
2026-01-30 13:11:37 0 [Note] InnoDB: File 'C:\xampp\mysql\data\ibtmp1' size is now 12 MB.
2026-01-30 13:11:37 0 [Note] InnoDB: Waiting for purge to start
2026-01-30 13:11:37 0 [Note] InnoDB: 10.4.32 started; log sequence number 42300118; transaction id 32607
2026-01-30 13:11:37 0 [Note] InnoDB: Loading buffer pool(s) from C:\xampp\mysql\data\ib_buffer_pool
2026-01-30 13:11:37 0 [Note] Plugin 'FEEDBACK' is disabled.
2026-01-30 13:11:37 0 [Note] InnoDB: Buffer pool(s) load completed at 260130 13:11:37
2026-01-30 13:11:37 0 [Note] Server socket created on IP: '::'.
2026-02-09 19:44:56 0 [Note] Starting MariaDB 10.4.32-MariaDB source revision c4143f909528e3fab0677a28631d10389354c491 as process 12792
2026-02-09 19:44:56 0 [Note] InnoDB: Mutexes and rw_locks use Windows interlocked functions
2026-02-09 19:44:56 0 [Note] InnoDB: Uses event mutexes
2026-02-09 19:44:56 0 [Note] InnoDB: Compressed tables use zlib 1.3
2026-02-09 19:44:56 0 [Note] InnoDB: Number of pools: 1
2026-02-09 19:44:56 0 [Note] InnoDB: Using SSE2 crc32 instructions
2026-02-09 19:44:56 0 [Note] InnoDB: Initializing buffer pool, total size = 16M, instances = 1, chunk size = 16M
2026-02-09 19:44:56 0 [Note] InnoDB: Completed initialization of buffer pool
2026-02-09 19:44:56 0 [Note] InnoDB: Starting crash recovery from checkpoint LSN=42300109
2026-02-09 19:44:56 0 [Warning] InnoDB: Ignoring a doublewrite copy of page [page id: space=0, page number=247] with future log sequence number 42301157
2026-02-09 19:44:56 0 [Warning] InnoDB: Ignoring a doublewrite copy of page [page id: space=0, page number=398] with future log sequence number 42301157
2026-02-09 19:44:56 0 [Warning] InnoDB: Ignoring a doublewrite copy of page [page id: space=0, page number=245] with future log sequence number 42301113
2026-02-09 19:44:56 0 [Warning] InnoDB: Ignoring a doublewrite copy of page [page id: space=0, page number=324] with future log sequence number 42301113
2026-02-09 19:44:56 0 [ERROR] InnoDB: Page [page id: space=0, page number=245] log sequence number 42301113 is in the future! Current system log sequence number 42300127.
2026-02-09 19:44:56 0 [ERROR] InnoDB: Your database may be corrupt or you may have copied the InnoDB tablespace but not the InnoDB log files. Please refer to https://mariadb.com/kb/en/library/innodb-recovery-modes/ for information about forcing recovery.
2026-02-09 19:44:56 0 [ERROR] InnoDB: Page [page id: space=0, page number=324] log sequence number 42301113 is in the future! Current system log sequence number 42300127.
2026-02-09 19:44:56 0 [ERROR] InnoDB: Your database may be corrupt or you may have copied the InnoDB tablespace but not the InnoDB log files. Please refer to https://mariadb.com/kb/en/library/innodb-recovery-modes/ for information about forcing recovery.
2026-02-09 19:44:56 0 [ERROR] InnoDB: Page [page id: space=0, page number=247] log sequence number 42301157 is in the future! Current system log sequence number 42300127.
2026-02-09 19:44:56 0 [ERROR] InnoDB: Your database may be corrupt or you may have copied the InnoDB tablespace but not the InnoDB log files. Please refer to https://mariadb.com/kb/en/library/innodb-recovery-modes/ for information about forcing recovery.
2026-02-09 19:44:56 0 [ERROR] InnoDB: Page [page id: space=0, page number=398] log sequence number 42301157 is in the future! Current system log sequence number 42300127.
2026-02-09 19:44:56 0 [ERROR] InnoDB: Your database may be corrupt or you may have copied the InnoDB tablespace but not the InnoDB log files. Please refer to https://mariadb.com/kb/en/library/innodb-recovery-modes/ for information about forcing recovery.
2026-02-09 19:44:56 0 [ERROR] InnoDB: Page [page id: space=0, page number=8] log sequence number 42300678 is in the future! Current system log sequence number 42300127.
2026-02-09 19:44:56 0 [ERROR] InnoDB: Your database may be corrupt or you may have copied the InnoDB tablespace but not the InnoDB log files. Please refer to https://mariadb.com/kb/en/library/innodb-recovery-modes/ for information about forcing recovery.
2026-02-09 19:44:58 0 [ERROR] InnoDB: Page [page id: space=0, page number=380] log sequence number 42300616 is in the future! Current system log sequence number 42300127.
2026-02-09 19:44:58 0 [ERROR] InnoDB: Your database may be corrupt or you may have copied the InnoDB tablespace but not the InnoDB log files. Please refer to https://mariadb.com/kb/en/library/innodb-recovery-modes/ for information about forcing recovery.
2026-02-09 19:44:58 0 [Note] InnoDB: 128 out of 128 rollback segments are active.
2026-02-09 19:44:58 0 [Note] InnoDB: Removed temporary tablespace data file: "ibtmp1"
2026-02-09 19:44:58 0 [Note] InnoDB: Creating shared tablespace for temporary tables
2026-02-09 19:44:58 0 [Note] InnoDB: Setting file 'C:\xampp\mysql\data\ibtmp1' size to 12 MB. Physically writing the file full; Please wait ...
2026-02-09 19:44:58 0 [Note] InnoDB: File 'C:\xampp\mysql\data\ibtmp1' size is now 12 MB.
2026-02-09 19:44:58 0 [Note] InnoDB: Waiting for purge to start
2026-02-09 19:44:58 0 [Note] InnoDB: 10.4.32 started; log sequence number 42300118; transaction id 32684
2026-02-09 19:44:58 0 [Note] InnoDB: Loading buffer pool(s) from C:\xampp\mysql\data\ib_buffer_pool
2026-02-09 19:44:58 0 [Note] Plugin 'FEEDBACK' is disabled.
2026-02-09 19:44:58 0 [Note] InnoDB: Buffer pool(s) load completed at 260209 19:44:58
2026-02-09 19:44:58 0 [Note] Server socket created on IP: '::'.
2026-02-11 16:16:55 0 [Note] Starting MariaDB 10.4.32-MariaDB source revision c4143f909528e3fab0677a28631d10389354c491 as process 29848
2026-02-11 16:16:55 0 [Note] InnoDB: Mutexes and rw_locks use Windows interlocked functions
2026-02-11 16:16:55 0 [Note] InnoDB: Uses event mutexes
2026-02-11 16:16:55 0 [Note] InnoDB: Compressed tables use zlib 1.3
2026-02-11 16:16:55 0 [Note] InnoDB: Number of pools: 1
2026-02-11 16:16:55 0 [Note] InnoDB: Using SSE2 crc32 instructions
2026-02-11 16:16:55 0 [Note] InnoDB: Initializing buffer pool, total size = 16M, instances = 1, chunk size = 16M
2026-02-11 16:16:55 0 [Note] InnoDB: Completed initialization of buffer pool
2026-02-11 16:16:55 0 [Note] InnoDB: Starting crash recovery from checkpoint LSN=42300596
2026-02-11 16:16:55 0 [Warning] InnoDB: Ignoring a doublewrite copy of page [page id: space=0, page number=247] with future log sequence number 42301157
2026-02-11 16:16:55 0 [Warning] InnoDB: Ignoring a doublewrite copy of page [page id: space=0, page number=398] with future log sequence number 42301157
2026-02-11 16:16:55 0 [ERROR] InnoDB: Page [page id: space=0, page number=245] log sequence number 42301113 is in the future! Current system log sequence number 42300614.
2026-02-11 16:16:55 0 [ERROR] InnoDB: Your database may be corrupt or you may have copied the InnoDB tablespace but not the InnoDB log files. Please refer to https://mariadb.com/kb/en/library/innodb-recovery-modes/ for information about forcing recovery.
2026-02-11 16:16:55 0 [ERROR] InnoDB: Page [page id: space=0, page number=324] log sequence number 42301113 is in the future! Current system log sequence number 42300614.
2026-02-11 16:16:55 0 [ERROR] InnoDB: Your database may be corrupt or you may have copied the InnoDB tablespace but not the InnoDB log files. Please refer to https://mariadb.com/kb/en/library/innodb-recovery-modes/ for information about forcing recovery.
2026-02-11 16:16:55 0 [ERROR] InnoDB: Page [page id: space=0, page number=247] log sequence number 42301157 is in the future! Current system log sequence number 42300614.
2026-02-11 16:16:55 0 [ERROR] InnoDB: Your database may be corrupt or you may have copied the InnoDB tablespace but not the InnoDB log files. Please refer to https://mariadb.com/kb/en/library/innodb-recovery-modes/ for information about forcing recovery.
2026-02-11 16:16:55 0 [ERROR] InnoDB: Page [page id: space=0, page number=398] log sequence number 42301157 is in the future! Current system log sequence number 42300614.
2026-02-11 16:16:55 0 [ERROR] InnoDB: Your database may be corrupt or you may have copied the InnoDB tablespace but not the InnoDB log files. Please refer to https://mariadb.com/kb/en/library/innodb-recovery-modes/ for information about forcing recovery.
2026-02-11 16:16:55 0 [ERROR] InnoDB: Page [page id: space=0, page number=8] log sequence number 42300678 is in the future! Current system log sequence number 42300614.
2026-02-11 16:16:55 0 [ERROR] InnoDB: Your database may be corrupt or you may have copied the InnoDB tablespace but not the InnoDB log files. Please refer to https://mariadb.com/kb/en/library/innodb-recovery-modes/ for information about forcing recovery.
2026-02-11 16:16:59 0 [ERROR] InnoDB: Page [page id: space=0, page number=380] log sequence number 42300616 is in the future! Current system log sequence number 42300614.
2026-02-11 16:16:59 0 [ERROR] InnoDB: Your database may be corrupt or you may have copied the InnoDB tablespace but not the InnoDB log files. Please refer to https://mariadb.com/kb/en/library/innodb-recovery-modes/ for information about forcing recovery.
2026-02-11 16:16:59 0 [Note] InnoDB: 128 out of 128 rollback segments are active.
2026-02-11 16:16:59 0 [Note] InnoDB: Removed temporary tablespace data file: "ibtmp1"
2026-02-11 16:16:59 0 [Note] InnoDB: Creating shared tablespace for temporary tables
2026-02-11 16:16:59 0 [Note] InnoDB: Setting file 'C:\xampp\mysql\data\ibtmp1' size to 12 MB. Physically writing the file full; Please wait ...
2026-02-11 16:16:59 0 [Note] InnoDB: File 'C:\xampp\mysql\data\ibtmp1' size is now 12 MB.
2026-02-11 16:16:59 0 [Note] InnoDB: Waiting for purge to start
2026-02-11 16:16:59 3 [ERROR] InnoDB: Page [page id: space=0, page number=416] log sequence number 42300637 is in the future! Current system log sequence number 42300614.
2026-02-11 16:16:59 3 [ERROR] InnoDB: Your database may be corrupt or you may have copied the InnoDB tablespace but not the InnoDB log files. Please refer to https://mariadb.com/kb/en/library/innodb-recovery-modes/ for information about forcing recovery.
2026-02-11 16:16:59 0 [Note] InnoDB: 10.4.32 started; log sequence number 42300605; transaction id 32707
2026-02-11 16:16:59 0 [Note] InnoDB: Loading buffer pool(s) from C:\xampp\mysql\data\ib_buffer_pool
2026-02-11 16:16:59 0 [Note] Plugin 'FEEDBACK' is disabled.
2026-02-11 16:16:59 0 [Note] InnoDB: Buffer pool(s) load completed at 260211 16:16:59
2026-02-11 16:16:59 0 [Note] Server socket created on IP: '::'.
2026-02-11 16:21:47 0 [Note] Starting MariaDB 10.4.32-MariaDB source revision c4143f909528e3fab0677a28631d10389354c491 as process 15516
2026-02-11 16:21:47 0 [Note] InnoDB: Mutexes and rw_locks use Windows interlocked functions
2026-02-11 16:21:47 0 [Note] InnoDB: Uses event mutexes
2026-02-11 16:21:47 0 [Note] InnoDB: Compressed tables use zlib 1.3
2026-02-11 16:21:47 0 [Note] InnoDB: Number of pools: 1
2026-02-11 16:21:47 0 [Note] InnoDB: Using SSE2 crc32 instructions
2026-02-11 16:21:47 0 [Note] InnoDB: Initializing buffer pool, total size = 16M, instances = 1, chunk size = 16M
2026-02-11 16:21:47 0 [Note] InnoDB: Completed initialization of buffer pool
2026-02-11 16:21:47 0 [Note] InnoDB: Starting crash recovery from checkpoint LSN=42300614
2026-02-11 16:21:47 0 [Warning] InnoDB: Ignoring a doublewrite copy of page [page id: space=0, page number=247] with future log sequence number 42301157
2026-02-11 16:21:47 0 [Warning] InnoDB: Ignoring a doublewrite copy of page [page id: space=0, page number=398] with future log sequence number 42301157
2026-02-11 16:21:47 0 [ERROR] InnoDB: Page [page id: space=0, page number=245] log sequence number 42301113 is in the future! Current system log sequence number 42300632.
2026-02-11 16:21:47 0 [ERROR] InnoDB: Your database may be corrupt or you may have copied the InnoDB tablespace but not the InnoDB log files. Please refer to https://mariadb.com/kb/en/library/innodb-recovery-modes/ for information about forcing recovery.
2026-02-11 16:21:47 0 [ERROR] InnoDB: Page [page id: space=0, page number=324] log sequence number 42301113 is in the future! Current system log sequence number 42300632.
2026-02-11 16:21:47 0 [ERROR] InnoDB: Your database may be corrupt or you may have copied the InnoDB tablespace but not the InnoDB log files. Please refer to https://mariadb.com/kb/en/library/innodb-recovery-modes/ for information about forcing recovery.
2026-02-11 16:21:47 0 [ERROR] InnoDB: Page [page id: space=0, page number=247] log sequence number 42301157 is in the future! Current system log sequence number 42300632.
2026-02-11 16:21:47 0 [ERROR] InnoDB: Your database may be corrupt or you may have copied the InnoDB tablespace but not the InnoDB log files. Please refer to https://mariadb.com/kb/en/library/innodb-recovery-modes/ for information about forcing recovery.
2026-02-11 16:21:47 0 [ERROR] InnoDB: Page [page id: space=0, page number=398] log sequence number 42301157 is in the future! Current system log sequence number 42300632.
2026-02-11 16:21:47 0 [ERROR] InnoDB: Your database may be corrupt or you may have copied the InnoDB tablespace but not the InnoDB log files. Please refer to https://mariadb.com/kb/en/library/innodb-recovery-modes/ for information about forcing recovery.
2026-02-11 16:21:47 0 [ERROR] InnoDB: Page [page id: space=0, page number=8] log sequence number 42300678 is in the future! Current system log sequence number 42300632.
2026-02-11 16:21:47 0 [ERROR] InnoDB: Your database may be corrupt or you may have copied the InnoDB tablespace but not the InnoDB log files. Please refer to https://mariadb.com/kb/en/library/innodb-recovery-modes/ for information about forcing recovery.
2026-02-11 16:21:47 0 [Note] InnoDB: 128 out of 128 rollback segments are active.
2026-02-11 16:21:47 0 [Note] InnoDB: Removed temporary tablespace data file: "ibtmp1"
2026-02-11 16:21:47 0 [Note] InnoDB: Creating shared tablespace for temporary tables
2026-02-11 16:21:47 0 [Note] InnoDB: Setting file 'C:\xampp\mysql\data\ibtmp1' size to 12 MB. Physically writing the file full; Please wait ...
2026-02-11 16:21:47 0 [Note] InnoDB: File 'C:\xampp\mysql\data\ibtmp1' size is now 12 MB.
2026-02-11 16:21:47 0 [Note] InnoDB: Waiting for purge to start
2026-02-11 16:21:47 1 [ERROR] InnoDB: Page [page id: space=0, page number=416] log sequence number 42300637 is in the future! Current system log sequence number 42300632.
2026-02-11 16:21:47 1 [ERROR] InnoDB: Your database may be corrupt or you may have copied the InnoDB tablespace but not the InnoDB log files. Please refer to https://mariadb.com/kb/en/library/innodb-recovery-modes/ for information about forcing recovery.
2026-02-11 16:21:47 0 [Note] InnoDB: 10.4.32 started; log sequence number 42300623; transaction id 32707
2026-02-11 16:21:47 0 [Note] InnoDB: Loading buffer pool(s) from C:\xampp\mysql\data\ib_buffer_pool
2026-02-11 16:21:47 0 [Note] Plugin 'FEEDBACK' is disabled.
2026-02-11 16:21:47 0 [Note] InnoDB: Buffer pool(s) load completed at 260211 16:21:47
2026-02-11 16:21:47 0 [Note] Server socket created on IP: '::'.
2026-03-09  3:44:22 0 [Note] Starting MariaDB 10.4.32-MariaDB source revision c4143f909528e3fab0677a28631d10389354c491 as process 9020
2026-03-09  3:44:22 0 [Note] InnoDB: Mutexes and rw_locks use Windows interlocked functions
2026-03-09  3:44:22 0 [Note] InnoDB: Uses event mutexes
2026-03-09  3:44:22 0 [Note] InnoDB: Compressed tables use zlib 1.3
2026-03-09  3:44:22 0 [Note] InnoDB: Number of pools: 1
2026-03-09  3:44:22 0 [Note] InnoDB: Using SSE2 crc32 instructions
2026-03-09  3:44:22 0 [Note] InnoDB: Initializing buffer pool, total size = 16M, instances = 1, chunk size = 16M
2026-03-09  3:44:22 0 [Note] InnoDB: Completed initialization of buffer pool
2026-03-09  3:44:22 0 [Note] InnoDB: Starting crash recovery from checkpoint LSN=42300632
2026-03-09  3:44:22 0 [Warning] InnoDB: Ignoring a doublewrite copy of page [page id: space=0, page number=247] with future log sequence number 42301157
2026-03-09  3:44:22 0 [Warning] InnoDB: Ignoring a doublewrite copy of page [page id: space=0, page number=398] with future log sequence number 42301157
2026-03-09  3:44:22 0 [ERROR] InnoDB: Page [page id: space=0, page number=245] log sequence number 42301113 is in the future! Current system log sequence number 42300650.
2026-03-09  3:44:22 0 [ERROR] InnoDB: Your database may be corrupt or you may have copied the InnoDB tablespace but not the InnoDB log files. Please refer to https://mariadb.com/kb/en/library/innodb-recovery-modes/ for information about forcing recovery.
2026-03-09  3:44:22 0 [ERROR] InnoDB: Page [page id: space=0, page number=324] log sequence number 42301113 is in the future! Current system log sequence number 42300650.
2026-03-09  3:44:22 0 [ERROR] InnoDB: Your database may be corrupt or you may have copied the InnoDB tablespace but not the InnoDB log files. Please refer to https://mariadb.com/kb/en/library/innodb-recovery-modes/ for information about forcing recovery.
2026-03-09  3:44:22 0 [ERROR] InnoDB: Page [page id: space=0, page number=247] log sequence number 42301157 is in the future! Current system log sequence number 42300650.
2026-03-09  3:44:22 0 [ERROR] InnoDB: Your database may be corrupt or you may have copied the InnoDB tablespace but not the InnoDB log files. Please refer to https://mariadb.com/kb/en/library/innodb-recovery-modes/ for information about forcing recovery.
2026-03-09  3:44:22 0 [ERROR] InnoDB: Page [page id: space=0, page number=398] log sequence number 42301157 is in the future! Current system log sequence number 42300650.
2026-03-09  3:44:22 0 [ERROR] InnoDB: Your database may be corrupt or you may have copied the InnoDB tablespace but not the InnoDB log files. Please refer to https://mariadb.com/kb/en/library/innodb-recovery-modes/ for information about forcing recovery.
2026-03-09  3:44:22 0 [ERROR] InnoDB: Page [page id: space=0, page number=8] log sequence number 42300678 is in the future! Current system log sequence number 42300650.
2026-03-09  3:44:22 0 [ERROR] InnoDB: Your database may be corrupt or you may have copied the InnoDB tablespace but not the InnoDB log files. Please refer to https://mariadb.com/kb/en/library/innodb-recovery-modes/ for information about forcing recovery.
2026-03-09  3:44:23 0 [Note] InnoDB: 128 out of 128 rollback segments are active.
2026-03-09  3:44:23 0 [Note] InnoDB: Removed temporary tablespace data file: "ibtmp1"
2026-03-09  3:44:23 0 [Note] InnoDB: Creating shared tablespace for temporary tables
2026-03-09  3:44:23 0 [Note] InnoDB: Setting file 'C:\xampp\mysql\data\ibtmp1' size to 12 MB. Physically writing the file full; Please wait ...
2026-03-09  3:44:23 0 [Note] InnoDB: File 'C:\xampp\mysql\data\ibtmp1' size is now 12 MB.
2026-03-09  3:44:23 0 [Note] InnoDB: Waiting for purge to start
2026-03-09  3:44:23 0 [Note] InnoDB: 10.4.32 started; log sequence number 42300641; transaction id 32707
2026-03-09  3:44:23 0 [Note] InnoDB: Loading buffer pool(s) from C:\xampp\mysql\data\ib_buffer_pool
2026-03-09  3:44:23 0 [Note] Plugin 'FEEDBACK' is disabled.
2026-03-09  3:44:23 0 [Note] InnoDB: Buffer pool(s) load completed at 260309  3:44:23
2026-03-09  3:44:23 0 [Note] Server socket created on IP: '::'.
2026-03-19  9:56:15 0 [Note] Starting MariaDB 10.4.32-MariaDB source revision c4143f909528e3fab0677a28631d10389354c491 as process 2744
2026-03-19  9:56:15 0 [Note] InnoDB: Mutexes and rw_locks use Windows interlocked functions
2026-03-19  9:56:15 0 [Note] InnoDB: Uses event mutexes
2026-03-19  9:56:15 0 [Note] InnoDB: Compressed tables use zlib 1.3
2026-03-19  9:56:15 0 [Note] InnoDB: Number of pools: 1
2026-03-19  9:56:15 0 [Note] InnoDB: Using SSE2 crc32 instructions
2026-03-19  9:56:15 0 [Note] InnoDB: Initializing buffer pool, total size = 16M, instances = 1, chunk size = 16M
2026-03-19  9:56:15 0 [Note] InnoDB: Completed initialization of buffer pool
2026-03-19  9:56:15 0 [Note] InnoDB: Starting crash recovery from checkpoint LSN=42300650
2026-03-19  9:56:15 0 [Warning] InnoDB: Ignoring a doublewrite copy of page [page id: space=0, page number=247] with future log sequence number 42301157
2026-03-19  9:56:15 0 [Warning] InnoDB: Ignoring a doublewrite copy of page [page id: space=0, page number=398] with future log sequence number 42301157
2026-03-19  9:56:15 0 [ERROR] InnoDB: Page [page id: space=0, page number=245] log sequence number 42301113 is in the future! Current system log sequence number 42300668.
2026-03-19  9:56:15 0 [ERROR] InnoDB: Your database may be corrupt or you may have copied the InnoDB tablespace but not the InnoDB log files. Please refer to https://mariadb.com/kb/en/library/innodb-recovery-modes/ for information about forcing recovery.
2026-03-19  9:56:15 0 [ERROR] InnoDB: Page [page id: space=0, page number=324] log sequence number 42301113 is in the future! Current system log sequence number 42300668.
2026-03-19  9:56:15 0 [ERROR] InnoDB: Your database may be corrupt or you may have copied the InnoDB tablespace but not the InnoDB log files. Please refer to https://mariadb.com/kb/en/library/innodb-recovery-modes/ for information about forcing recovery.
2026-03-19  9:56:15 0 [ERROR] InnoDB: Page [page id: space=0, page number=247] log sequence number 42301157 is in the future! Current system log sequence number 42300668.
2026-03-19  9:56:15 0 [ERROR] InnoDB: Your database may be corrupt or you may have copied the InnoDB tablespace but not the InnoDB log files. Please refer to https://mariadb.com/kb/en/library/innodb-recovery-modes/ for information about forcing recovery.
2026-03-19  9:56:15 0 [ERROR] InnoDB: Page [page id: space=0, page number=398] log sequence number 42301157 is in the future! Current system log sequence number 42300668.
2026-03-19  9:56:15 0 [ERROR] InnoDB: Your database may be corrupt or you may have copied the InnoDB tablespace but not the InnoDB log files. Please refer to https://mariadb.com/kb/en/library/innodb-recovery-modes/ for information about forcing recovery.
2026-03-19  9:56:16 0 [ERROR] InnoDB: Page [page id: space=0, page number=8] log sequence number 42300678 is in the future! Current system log sequence number 42300668.
2026-03-19  9:56:16 0 [ERROR] InnoDB: Your database may be corrupt or you may have copied the InnoDB tablespace but not the InnoDB log files. Please refer to https://mariadb.com/kb/en/library/innodb-recovery-modes/ for information about forcing recovery.
2026-03-19  9:56:18 0 [Note] InnoDB: 128 out of 128 rollback segments are active.
2026-03-19  9:56:18 0 [Note] InnoDB: Removed temporary tablespace data file: "ibtmp1"
2026-03-19  9:56:18 0 [Note] InnoDB: Creating shared tablespace for temporary tables
2026-03-19  9:56:18 0 [Note] InnoDB: Setting file 'C:\xampp\mysql\data\ibtmp1' size to 12 MB. Physically writing the file full; Please wait ...
2026-03-19  9:56:18 0 [Note] InnoDB: File 'C:\xampp\mysql\data\ibtmp1' size is now 12 MB.
2026-03-19  9:56:18 0 [Note] InnoDB: Waiting for purge to start
2026-03-19  9:56:18 0 [Note] InnoDB: 10.4.32 started; log sequence number 42300659; transaction id 32707
2026-03-19  9:56:18 0 [Note] InnoDB: Loading buffer pool(s) from C:\xampp\mysql\data\ib_buffer_pool
2026-03-19  9:56:18 0 [Note] Plugin 'FEEDBACK' is disabled.
2026-03-19  9:56:18 0 [Note] InnoDB: Buffer pool(s) load completed at 260319  9:56:18
2026-03-19  9:56:18 0 [Note] Server socket created on IP: '::'.
2026-03-25  3:36:10 0 [Note] Starting MariaDB 10.4.32-MariaDB source revision c4143f909528e3fab0677a28631d10389354c491 as process 7428
2026-03-25  3:36:10 0 [Note] InnoDB: Mutexes and rw_locks use Windows interlocked functions
2026-03-25  3:36:10 0 [Note] InnoDB: Uses event mutexes
2026-03-25  3:36:10 0 [Note] InnoDB: Compressed tables use zlib 1.3
2026-03-25  3:36:10 0 [Note] InnoDB: Number of pools: 1
2026-03-25  3:36:10 0 [Note] InnoDB: Using SSE2 crc32 instructions
2026-03-25  3:36:10 0 [Note] InnoDB: Initializing buffer pool, total size = 16M, instances = 1, chunk size = 16M
2026-03-25  3:36:10 0 [Note] InnoDB: Completed initialization of buffer pool
2026-03-25  3:36:10 0 [Note] InnoDB: Starting crash recovery from checkpoint LSN=42300721
2026-03-25  3:36:10 0 [Warning] InnoDB: Ignoring a doublewrite copy of page [page id: space=0, page number=247] with future log sequence number 42301157
2026-03-25  3:36:10 0 [Warning] InnoDB: Ignoring a doublewrite copy of page [page id: space=0, page number=398] with future log sequence number 42301157
2026-03-25  3:36:10 0 [ERROR] InnoDB: Page [page id: space=0, page number=245] log sequence number 42301113 is in the future! Current system log sequence number 42300739.
2026-03-25  3:36:10 0 [ERROR] InnoDB: Your database may be corrupt or you may have copied the InnoDB tablespace but not the InnoDB log files. Please refer to https://mariadb.com/kb/en/library/innodb-recovery-modes/ for information about forcing recovery.
2026-03-25  3:36:10 0 [ERROR] InnoDB: Page [page id: space=0, page number=324] log sequence number 42301113 is in the future! Current system log sequence number 42300739.
2026-03-25  3:36:10 0 [ERROR] InnoDB: Your database may be corrupt or you may have copied the InnoDB tablespace but not the InnoDB log files. Please refer to https://mariadb.com/kb/en/library/innodb-recovery-modes/ for information about forcing recovery.
2026-03-25  3:36:10 0 [ERROR] InnoDB: Page [page id: space=0, page number=247] log sequence number 42301157 is in the future! Current system log sequence number 42300739.
2026-03-25  3:36:10 0 [ERROR] InnoDB: Your database may be corrupt or you may have copied the InnoDB tablespace but not the InnoDB log files. Please refer to https://mariadb.com/kb/en/library/innodb-recovery-modes/ for information about forcing recovery.
2026-03-25  3:36:10 0 [ERROR] InnoDB: Page [page id: space=0, page number=398] log sequence number 42301157 is in the future! Current system log sequence number 42300739.
2026-03-25  3:36:10 0 [ERROR] InnoDB: Your database may be corrupt or you may have copied the InnoDB tablespace but not the InnoDB log files. Please refer to https://mariadb.com/kb/en/library/innodb-recovery-modes/ for information about forcing recovery.
2026-03-25  3:36:12 0 [Note] InnoDB: 128 out of 128 rollback segments are active.
2026-03-25  3:36:12 0 [Note] InnoDB: Removed temporary tablespace data file: "ibtmp1"
2026-03-25  3:36:12 0 [Note] InnoDB: Creating shared tablespace for temporary tables
2026-03-25  3:36:12 0 [Note] InnoDB: Setting file 'C:\xampp\mysql\data\ibtmp1' size to 12 MB. Physically writing the file full; Please wait ...
2026-03-25  3:36:12 0 [Note] InnoDB: File 'C:\xampp\mysql\data\ibtmp1' size is now 12 MB.
2026-03-25  3:36:12 0 [Note] InnoDB: Waiting for purge to start
2026-03-25  3:36:12 0 [Note] InnoDB: 10.4.32 started; log sequence number 42300730; transaction id 32707
2026-03-25  3:36:12 0 [Note] InnoDB: Loading buffer pool(s) from C:\xampp\mysql\data\ib_buffer_pool
2026-03-25  3:36:12 0 [Note] Plugin 'FEEDBACK' is disabled.
2026-03-25  3:36:12 0 [Note] InnoDB: Buffer pool(s) load completed at 260325  3:36:12
2026-03-25  3:36:12 0 [Note] Server socket created on IP: '::'.
2026-04-21 20:50:00 0 [Note] Starting MariaDB 10.4.32-MariaDB source revision c4143f909528e3fab0677a28631d10389354c491 as process 10208
2026-04-21 20:50:00 0 [Note] InnoDB: Mutexes and rw_locks use Windows interlocked functions
2026-04-21 20:50:00 0 [Note] InnoDB: Uses event mutexes
2026-04-21 20:50:00 0 [Note] InnoDB: Compressed tables use zlib 1.3
2026-04-21 20:50:00 0 [Note] InnoDB: Number of pools: 1
2026-04-21 20:50:00 0 [Note] InnoDB: Using SSE2 crc32 instructions
2026-04-21 20:50:00 0 [Note] InnoDB: Initializing buffer pool, total size = 16M, instances = 1, chunk size = 16M
2026-04-21 20:50:00 0 [Note] InnoDB: Completed initialization of buffer pool
2026-04-21 20:50:00 0 [Note] InnoDB: Starting crash recovery from checkpoint LSN=42300739
2026-04-21 20:50:00 0 [Warning] InnoDB: Ignoring a doublewrite copy of page [page id: space=0, page number=247] with future log sequence number 42301157
2026-04-21 20:50:00 0 [Warning] InnoDB: Ignoring a doublewrite copy of page [page id: space=0, page number=398] with future log sequence number 42301157
2026-04-21 20:50:00 0 [ERROR] InnoDB: Page [page id: space=0, page number=245] log sequence number 42301113 is in the future! Current system log sequence number 42300757.
2026-04-21 20:50:00 0 [ERROR] InnoDB: Your database may be corrupt or you may have copied the InnoDB tablespace but not the InnoDB log files. Please refer to https://mariadb.com/kb/en/library/innodb-recovery-modes/ for information about forcing recovery.
2026-04-21 20:50:00 0 [ERROR] InnoDB: Page [page id: space=0, page number=324] log sequence number 42301113 is in the future! Current system log sequence number 42300757.
2026-04-21 20:50:00 0 [ERROR] InnoDB: Your database may be corrupt or you may have copied the InnoDB tablespace but not the InnoDB log files. Please refer to https://mariadb.com/kb/en/library/innodb-recovery-modes/ for information about forcing recovery.
2026-04-21 20:50:00 0 [ERROR] InnoDB: Page [page id: space=0, page number=247] log sequence number 42301157 is in the future! Current system log sequence number 42300757.
2026-04-21 20:50:00 0 [ERROR] InnoDB: Your database may be corrupt or you may have copied the InnoDB tablespace but not the InnoDB log files. Please refer to https://mariadb.com/kb/en/library/innodb-recovery-modes/ for information about forcing recovery.
2026-04-21 20:50:00 0 [ERROR] InnoDB: Page [page id: space=0, page number=398] log sequence number 42301157 is in the future! Current system log sequence number 42300757.
2026-04-21 20:50:00 0 [ERROR] InnoDB: Your database may be corrupt or you may have copied the InnoDB tablespace but not the InnoDB log files. Please refer to https://mariadb.com/kb/en/library/innodb-recovery-modes/ for information about forcing recovery.
2026-04-21 20:50:04 0 [Note] InnoDB: 128 out of 128 rollback segments are active.
2026-04-21 20:50:04 0 [Note] InnoDB: Removed temporary tablespace data file: "ibtmp1"
2026-04-21 20:50:04 0 [Note] InnoDB: Creating shared tablespace for temporary tables
2026-04-21 20:50:04 0 [Note] InnoDB: Setting file 'C:\xampp\mysql\data\ibtmp1' size to 12 MB. Physically writing the file full; Please wait ...
2026-04-21 20:50:04 0 [Note] InnoDB: File 'C:\xampp\mysql\data\ibtmp1' size is now 12 MB.
2026-04-21 20:50:04 0 [Note] InnoDB: Waiting for purge to start
2026-04-21 20:50:04 0 [Note] InnoDB: 10.4.32 started; log sequence number 42300748; transaction id 32707
2026-04-21 20:50:04 0 [Note] InnoDB: Loading buffer pool(s) from C:\xampp\mysql\data\ib_buffer_pool
2026-04-21 20:50:04 0 [Note] Plugin 'FEEDBACK' is disabled.
2026-04-21 20:50:04 0 [Note] InnoDB: Buffer pool(s) load completed at 260421 20:50:04
2026-04-21 20:50:04 0 [Note] Server socket created on IP: '::'.
2026-04-21 20:50:04 0 [Note] Reading of all Master_info entries succeeded
2026-04-21 20:50:04 0 [Note] Added new Master_info '' to hash table
2026-04-21 20:50:04 0 [Note] c:\xampp\mysql\bin\mysqld.exe: ready for connections.
Version: '10.4.32-MariaDB'  socket: ''  port: 3307  mariadb.org binary distribution
2026-04-22  1:54:13 0 [Note] Starting MariaDB 10.4.32-MariaDB source revision c4143f909528e3fab0677a28631d10389354c491 as process 19788
2026-04-22  1:54:13 0 [Note] InnoDB: Mutexes and rw_locks use Windows interlocked functions
2026-04-22  1:54:13 0 [Note] InnoDB: Uses event mutexes
2026-04-22  1:54:13 0 [Note] InnoDB: Compressed tables use zlib 1.3
2026-04-22  1:54:13 0 [Note] InnoDB: Number of pools: 1
2026-04-22  1:54:13 0 [Note] InnoDB: Using SSE2 crc32 instructions
2026-04-22  1:54:13 0 [Note] InnoDB: Initializing buffer pool, total size = 16M, instances = 1, chunk size = 16M
2026-04-22  1:54:13 0 [Note] InnoDB: Completed initialization of buffer pool
2026-04-22  1:54:13 0 [Note] InnoDB: Starting crash recovery from checkpoint LSN=42300757
2026-04-22  1:54:13 0 [Warning] InnoDB: Ignoring a doublewrite copy of page [page id: space=0, page number=247] with future log sequence number 42301157
2026-04-22  1:54:13 0 [Warning] InnoDB: Ignoring a doublewrite copy of page [page id: space=0, page number=398] with future log sequence number 42301157
2026-04-22  1:54:13 0 [ERROR] InnoDB: Page [page id: space=0, page number=245] log sequence number 42301113 is in the future! Current system log sequence number 42300775.
2026-04-22  1:54:13 0 [ERROR] InnoDB: Your database may be corrupt or you may have copied the InnoDB tablespace but not the InnoDB log files. Please refer to https://mariadb.com/kb/en/library/innodb-recovery-modes/ for information about forcing recovery.
2026-04-22  1:54:13 0 [ERROR] InnoDB: Page [page id: space=0, page number=324] log sequence number 42301113 is in the future! Current system log sequence number 42300775.
2026-04-22  1:54:13 0 [ERROR] InnoDB: Your database may be corrupt or you may have copied the InnoDB tablespace but not the InnoDB log files. Please refer to https://mariadb.com/kb/en/library/innodb-recovery-modes/ for information about forcing recovery.
2026-04-22  1:54:13 0 [ERROR] InnoDB: Page [page id: space=0, page number=247] log sequence number 42301157 is in the future! Current system log sequence number 42300775.
2026-04-22  1:54:13 0 [ERROR] InnoDB: Your database may be corrupt or you may have copied the InnoDB tablespace but not the InnoDB log files. Please refer to https://mariadb.com/kb/en/library/innodb-recovery-modes/ for information about forcing recovery.
2026-04-22  1:54:13 0 [ERROR] InnoDB: Page [page id: space=0, page number=398] log sequence number 42301157 is in the future! Current system log sequence number 42300775.
2026-04-22  1:54:13 0 [ERROR] InnoDB: Your database may be corrupt or you may have copied the InnoDB tablespace but not the InnoDB log files. Please refer to https://mariadb.com/kb/en/library/innodb-recovery-modes/ for information about forcing recovery.
2026-04-22  1:54:17 0 [Note] Starting MariaDB 10.4.32-MariaDB source revision c4143f909528e3fab0677a28631d10389354c491 as process 16968
2026-04-22  1:54:17 0 [Note] InnoDB: Mutexes and rw_locks use Windows interlocked functions
2026-04-22  1:54:17 0 [Note] InnoDB: Uses event mutexes
2026-04-22  1:54:17 0 [Note] InnoDB: Compressed tables use zlib 1.3
2026-04-22  1:54:17 0 [Note] InnoDB: Number of pools: 1
2026-04-22  1:54:17 0 [Note] InnoDB: Using SSE2 crc32 instructions
2026-04-22  1:54:17 0 [Note] InnoDB: Initializing buffer pool, total size = 16M, instances = 1, chunk size = 16M
2026-04-22  1:54:17 0 [Note] InnoDB: Completed initialization of buffer pool
2026-04-22  1:54:17 0 [Note] InnoDB: Starting crash recovery from checkpoint LSN=42300757
2026-04-22  1:54:17 0 [Warning] InnoDB: Ignoring a doublewrite copy of page [page id: space=0, page number=247] with future log sequence number 42301157
2026-04-22  1:54:17 0 [Warning] InnoDB: Ignoring a doublewrite copy of page [page id: space=0, page number=398] with future log sequence number 42301157
2026-04-22  1:54:17 0 [ERROR] InnoDB: Page [page id: space=0, page number=245] log sequence number 42301113 is in the future! Current system log sequence number 42300775.
2026-04-22  1:54:17 0 [ERROR] InnoDB: Your database may be corrupt or you may have copied the InnoDB tablespace but not the InnoDB log files. Please refer to https://mariadb.com/kb/en/library/innodb-recovery-modes/ for information about forcing recovery.
2026-04-22  1:54:17 0 [ERROR] InnoDB: Page [page id: space=0, page number=324] log sequence number 42301113 is in the future! Current system log sequence number 42300775.
2026-04-22  1:54:17 0 [ERROR] InnoDB: Your database may be corrupt or you may have copied the InnoDB tablespace but not the InnoDB log files. Please refer to https://mariadb.com/kb/en/library/innodb-recovery-modes/ for information about forcing recovery.
2026-04-22  1:54:17 0 [ERROR] InnoDB: Page [page id: space=0, page number=247] log sequence number 42301157 is in the future! Current system log sequence number 42300775.
2026-04-22  1:54:17 0 [ERROR] InnoDB: Your database may be corrupt or you may have copied the InnoDB tablespace but not the InnoDB log files. Please refer to https://mariadb.com/kb/en/library/innodb-recovery-modes/ for information about forcing recovery.
2026-04-22  1:54:17 0 [ERROR] InnoDB: Page [page id: space=0, page number=398] log sequence number 42301157 is in the future! Current system log sequence number 42300775.
2026-04-22  1:54:17 0 [ERROR] InnoDB: Your database may be corrupt or you may have copied the InnoDB tablespace but not the InnoDB log files. Please refer to https://mariadb.com/kb/en/library/innodb-recovery-modes/ for information about forcing recovery.
2026-04-22  1:54:19 0 [Note] InnoDB: 128 out of 128 rollback segments are active.
2026-04-22  1:54:19 0 [Note] InnoDB: Removed temporary tablespace data file: "ibtmp1"
2026-04-22  1:54:19 0 [Note] InnoDB: Creating shared tablespace for temporary tables
2026-04-22  1:54:19 0 [Note] InnoDB: Setting file 'C:\xampp\mysql\data\ibtmp1' size to 12 MB. Physically writing the file full; Please wait ...
2026-04-22  1:54:19 0 [Note] InnoDB: File 'C:\xampp\mysql\data\ibtmp1' size is now 12 MB.
2026-04-22  1:54:19 0 [Note] InnoDB: Waiting for purge to start
2026-04-22  1:54:19 0 [Note] InnoDB: 10.4.32 started; log sequence number 42300766; transaction id 32707
2026-04-22  1:54:19 0 [Note] InnoDB: Loading buffer pool(s) from C:\xampp\mysql\data\ib_buffer_pool
2026-04-22  1:54:19 0 [Note] Plugin 'FEEDBACK' is disabled.
2026-04-22  1:54:19 0 [Note] InnoDB: Buffer pool(s) load completed at 260422  1:54:19
2026-04-22  1:54:20 0 [Note] Server socket created on IP: '::'.
2026-05-18 19:38:11 0 [Note] Starting MariaDB 10.4.32-MariaDB source revision c4143f909528e3fab0677a28631d10389354c491 as process 31132
2026-05-18 19:38:11 0 [Note] InnoDB: Mutexes and rw_locks use Windows interlocked functions
2026-05-18 19:38:11 0 [Note] InnoDB: Uses event mutexes
2026-05-18 19:38:11 0 [Note] InnoDB: Compressed tables use zlib 1.3
2026-05-18 19:38:11 0 [Note] InnoDB: Number of pools: 1
2026-05-18 19:38:11 0 [Note] InnoDB: Using SSE2 crc32 instructions
2026-05-18 19:38:11 0 [Note] InnoDB: Initializing buffer pool, total size = 16M, instances = 1, chunk size = 16M
2026-05-18 19:38:11 0 [Note] InnoDB: Completed initialization of buffer pool
2026-05-18 19:38:11 0 [Note] InnoDB: Starting crash recovery from checkpoint LSN=42300775
2026-05-18 19:38:11 0 [Warning] InnoDB: Ignoring a doublewrite copy of page [page id: space=0, page number=247] with future log sequence number 42301157
2026-05-18 19:38:11 0 [Warning] InnoDB: Ignoring a doublewrite copy of page [page id: space=0, page number=398] with future log sequence number 42301157
2026-05-18 19:38:11 0 [ERROR] InnoDB: Page [page id: space=0, page number=245] log sequence number 42301113 is in the future! Current system log sequence number 42300793.
2026-05-18 19:38:11 0 [ERROR] InnoDB: Your database may be corrupt or you may have copied the InnoDB tablespace but not the InnoDB log files. Please refer to https://mariadb.com/kb/en/library/innodb-recovery-modes/ for information about forcing recovery.
2026-05-18 19:38:11 0 [ERROR] InnoDB: Page [page id: space=0, page number=324] log sequence number 42301113 is in the future! Current system log sequence number 42300793.
2026-05-18 19:38:11 0 [ERROR] InnoDB: Your database may be corrupt or you may have copied the InnoDB tablespace but not the InnoDB log files. Please refer to https://mariadb.com/kb/en/library/innodb-recovery-modes/ for information about forcing recovery.
2026-05-18 19:38:11 0 [ERROR] InnoDB: Page [page id: space=0, page number=247] log sequence number 42301157 is in the future! Current system log sequence number 42300793.
2026-05-18 19:38:11 0 [ERROR] InnoDB: Your database may be corrupt or you may have copied the InnoDB tablespace but not the InnoDB log files. Please refer to https://mariadb.com/kb/en/library/innodb-recovery-modes/ for information about forcing recovery.
2026-05-18 19:38:11 0 [ERROR] InnoDB: Page [page id: space=0, page number=398] log sequence number 42301157 is in the future! Current system log sequence number 42300793.
2026-05-18 19:38:11 0 [ERROR] InnoDB: Your database may be corrupt or you may have copied the InnoDB tablespace but not the InnoDB log files. Please refer to https://mariadb.com/kb/en/library/innodb-recovery-modes/ for information about forcing recovery.
2026-05-18 19:38:17 0 [Note] InnoDB: 128 out of 128 rollback segments are active.
2026-05-18 19:38:17 0 [Note] InnoDB: Removed temporary tablespace data file: "ibtmp1"
2026-05-18 19:38:17 0 [Note] InnoDB: Creating shared tablespace for temporary tables
2026-05-18 19:38:17 0 [Note] InnoDB: Setting file 'C:\xampp\mysql\data\ibtmp1' size to 12 MB. Physically writing the file full; Please wait ...
2026-05-18 19:38:17 0 [Note] InnoDB: File 'C:\xampp\mysql\data\ibtmp1' size is now 12 MB.
2026-05-18 19:38:17 0 [Note] InnoDB: Waiting for purge to start
2026-05-18 19:38:18 0 [Note] InnoDB: Waiting for purge to start
2026-05-18 19:38:18 0 [Note] InnoDB: 10.4.32 started; log sequence number 42300784; transaction id 32707
2026-05-18 19:38:18 0 [Note] InnoDB: Loading buffer pool(s) from C:\xampp\mysql\data\ib_buffer_pool
2026-05-18 19:38:18 0 [Note] Plugin 'FEEDBACK' is disabled.
2026-05-18 19:38:18 0 [Note] InnoDB: Buffer pool(s) load completed at 260518 19:38:18
2026-05-18 19:38:18 0 [Note] Server socket created on IP: '::'.
2026-05-18 19:38:18 0x7ab0  InnoDB: Assertion failure in file D:\winx64-packages\build\src\storage\innobase\os\os0file.cc line 6132
2026-05-18 19:38:18 0x785c  InnoDB: Assertion failure in file D:\winx64-packages\build\src\storage\innobase\os\os0file.cc line 6132
InnoDB: Failing assertion: slot
InnoDB: We intentionally generate a memory trap.
InnoDB: Submit a detailed bug report to https://jira.mariadb.org/
InnoDB: If you get repeated assertion failures or crashes, even
InnoDB: immediately after the mysqld startup, there may be
InnoDB: corruption in the InnoDB tablespace. Please refer to
InnoDB: https://mariadb.com/kb/en/library/innodb-recovery-modes/
InnoDB: about forcing recovery.
InnoDB: Failing assertion: slot
InnoDB: We intentionally generate a memory trap.
InnoDB: Submit a detailed bug report to https://jira.mariadb.org/
InnoDB: If you get repeated assertion failures or crashes, even
InnoDB: immediately after the mysqld startup, there may be
InnoDB: corruption in the InnoDB tablespace. Please refer to
InnoDB: https://mariadb.com/kb/en/library/innodb-recovery-modes/
InnoDB: about forcing recovery.
2026-05-18 192026-05-18 19:38:29 0 [Note] Starting MariaDB 10.4.32-MariaDB source revision c4143f909528e3fab0677a28631d10389354c491 as process 32568
2026-05-18 19:38:29 0 [Note] InnoDB: Mutexes and rw_locks use Windows interlocked functions
2026-05-18 19:38:29 0 [Note] InnoDB: Uses event mutexes
2026-05-18 19:38:29 0 [Note] InnoDB: Compressed tables use zlib 1.3
2026-05-18 19:38:29 0 [Note] InnoDB: Number of pools: 1
2026-05-18 19:38:29 0 [Note] InnoDB: Using SSE2 crc32 instructions
2026-05-18 19:38:29 0 [Note] InnoDB: Initializing buffer pool, total size = 16M, instances = 1, chunk size = 16M
2026-05-18 19:38:29 0 [Note] InnoDB: Completed initialization of buffer pool
2026-05-18 19:38:29 0 [Note] InnoDB: Starting crash recovery from checkpoint LSN=42300775
2026-05-18 19:38:29 0 [Warning] InnoDB: Ignoring a doublewrite copy of page [page id: space=0, page number=247] with future log sequence number 42301157
2026-05-18 19:38:29 0 [Warning] InnoDB: Ignoring a doublewrite copy of page [page id: space=0, page number=398] with future log sequence number 42301157
2026-05-18 19:38:29 0 [ERROR] InnoDB: Page [page id: space=0, page number=245] log sequence number 42301113 is in the future! Current system log sequence number 42300793.
2026-05-18 19:38:29 0 [ERROR] InnoDB: Your database may be corrupt or you may have copied the InnoDB tablespace but not the InnoDB log files. Please refer to https://mariadb.com/kb/en/library/innodb-recovery-modes/ for information about forcing recovery.
2026-05-18 19:38:29 0 [ERROR] InnoDB: Page [page id: space=0, page number=324] log sequence number 42301113 is in the future! Current system log sequence number 42300793.
2026-05-18 19:38:29 0 [ERROR] InnoDB: Your database may be corrupt or you may have copied the InnoDB tablespace but not the InnoDB log files. Please refer to https://mariadb.com/kb/en/library/innodb-recovery-modes/ for information about forcing recovery.
2026-05-18 19:38:29 0 [ERROR] InnoDB: Page [page id: space=0, page number=247] log sequence number 42301157 is in the future! Current system log sequence number 42300793.
2026-05-18 19:38:29 0 [ERROR] InnoDB: Your database may be corrupt or you may have copied the InnoDB tablespace but not the InnoDB log files. Please refer to https://mariadb.com/kb/en/library/innodb-recovery-modes/ for information about forcing recovery.
2026-05-18 19:38:29 0 [ERROR] InnoDB: Page [page id: space=0, page number=398] log sequence number 42301157 is in the future! Current system log sequence number 42300793.
2026-05-18 19:38:29 0 [ERROR] InnoDB: Your database may be corrupt or you may have copied the InnoDB tablespace but not the InnoDB log files. Please refer to https://mariadb.com/kb/en/library/innodb-recovery-modes/ for information about forcing recovery.
2026-05-18 19:38:29 0 [Note] InnoDB: 128 out of 128 rollback segments are active.
2026-05-18 19:38:29 0 [Note] InnoDB: Removed temporary tablespace data file: "ibtmp1"
2026-05-18 19:38:29 0 [Note] InnoDB: Creating shared tablespace for temporary tables
2026-05-18 19:38:29 0 [Note] InnoDB: Setting file 'C:\xampp\mysql\data\ibtmp1' size to 12 MB. Physically writing the file full; Please wait ...
2026-05-18 19:38:29 0 [Note] InnoDB: File 'C:\xampp\mysql\data\ibtmp1' size is now 12 MB.
2026-05-18 19:38:29 0 [Note] InnoDB: Waiting for purge to start
2026-05-18 19:38:29 0 [Note] InnoDB: 10.4.32 started; log sequence number 42300784; transaction id 32707
2026-05-18 19:38:29 0 [Note] Plugin 'FEEDBACK' is disabled.
2026-05-18 19:38:29 0 [Note] InnoDB: Loading buffer pool(s) from C:\xampp\mysql\data\ib_buffer_pool
2026-05-18 19:38:29 0 [Note] Server socket created on IP: '::'.
2026-05-18 19:38:29 0x7fb0  InnoDB: Assertion failure in file D:\winx64-packages\build\src\storage\innobase\os\os0file.cc line 6132
InnoDB: Failing assertion: slot
InnoDB: We intentionally generate a memory trap.
InnoDB: Submit a detailed bug report to https://jira.mariadb.org/
InnoDB: If you get repeated assertion failures or crashes, even
InnoDB: immediately after the mysqld startup, there may be
InnoDB: corruption in the InnoDB tablespace. Please refer to
InnoDB: https://mariadb.com/kb/en/library/innodb-recovery-modes/
InnoDB: about forcing recovery.
2026-05-18 19:38:29 0x7fb4260518 19:38:29  [ERROR] mysqld got exception 0x80000003 ;
 Sorry, we probably made a mistake, and this is a bug.

Your assistance in bug reporting will enable us to fix this for the next release.
To report this bug, see https://mariadb.com/kb/en/reporting-bugs

IWe will try our best to scrape up some info that will hopefully help
diagnose the problem, but since we have already crashed, 
something is definitely wrong and this may fail.

nServer version: 10.4.32-MariaDB source revision: c4143f909528e3fab0677a28631d10389354c491
nkey_buffer_size=16777216
oread_buffer_size=262144
Dmax_used_connections=0
Bmax_threads=65537
:thread_count=6
 It is possible that mysqld could use up to 
key_buffer_size + (read_buffer_size + sort_buffer_size)*max_threads = 20304 K  bytes of memory
AHope that's ok; if not, decrease some variables in the equation.

ssertioThread pointer: 0x0
nAttempting backtrace. You can use the following information to find out
where mysqld died. If you see no messages after this, something went
terribly wrong...
 failure in file D:\winx64-packages\build\src\storage\innobase\os\os0file.cc line 6132
2026-05-18 19:38:29 0x7fb8  InnoDB: Assertion failure in file D:\winx64-packages\build\src\storage\innobase\os\os0file.cc line 6132
InnoDB: Failing assertion: slot
InnoDB: We intentionally generate a memory trap.
InnoDB: Submit a detailed bug report to https://jira.mariadb.org/
InnoDB: If you get repeated assertion failures or crashes, even
InnoDB: immediately after the mysqld startup, there may be
InnoDB: corruption in the InnoDB tablespace. Please refer to
InnoDB: https://mariadb.com/kb/en/library/innodb-recovery-modes/
InnoDB: about forcing recovery.
2026-05-18 19:40:13 0 [Note] Starting MariaDB 10.4.32-MariaDB source revision c4143f909528e3fab0677a28631d10389354c491 as process 4688
2026-05-18 19:40:13 0 [Note] InnoDB: Mutexes and rw_locks use Windows interlocked functions
2026-05-18 19:40:13 0 [Note] InnoDB: Uses event mutexes
2026-05-18 19:40:13 0 [Note] InnoDB: Compressed tables use zlib 1.3
2026-05-18 19:40:13 0 [Note] InnoDB: Number of pools: 1
2026-05-18 19:40:13 0 [Note] InnoDB: Using SSE2 crc32 instructions
2026-05-18 19:40:13 0 [Note] InnoDB: Initializing buffer pool, total size = 16M, instances = 1, chunk size = 16M
2026-05-18 19:40:13 0 [Note] InnoDB: Completed initialization of buffer pool
2026-05-18 19:40:13 0 [Note] InnoDB: Starting crash recovery from checkpoint LSN=42300775
2026-05-18 19:40:13 0 [Warning] InnoDB: Ignoring a doublewrite copy of page [page id: space=0, page number=247] with future log sequence number 42301157
2026-05-18 19:40:13 0 [Warning] InnoDB: Ignoring a doublewrite copy of page [page id: space=0, page number=398] with future log sequence number 42301157
2026-05-18 19:40:13 0 [ERROR] InnoDB: Page [page id: space=0, page number=245] log sequence number 42301113 is in the future! Current system log sequence number 42300793.
2026-05-18 19:40:13 0 [ERROR] InnoDB: Your database may be corrupt or you may have copied the InnoDB tablespace but not the InnoDB log files. Please refer to https://mariadb.com/kb/en/library/innodb-recovery-modes/ for information about forcing recovery.
2026-05-18 19:40:13 0 [ERROR] InnoDB: Page [page id: space=0, page number=324] log sequence number 42301113 is in the future! Current system log sequence number 42300793.
2026-05-18 19:40:13 0 [ERROR] InnoDB: Your database may be corrupt or you may have copied the InnoDB tablespace but not the InnoDB log files. Please refer to https://mariadb.com/kb/en/library/innodb-recovery-modes/ for information about forcing recovery.
2026-05-18 19:40:13 0 [ERROR] InnoDB: Page [page id: space=0, page number=247] log sequence number 42301157 is in the future! Current system log sequence number 42300793.
2026-05-18 19:40:13 0 [ERROR] InnoDB: Your database may be corrupt or you may have copied the InnoDB tablespace but not the InnoDB log files. Please refer to https://mariadb.com/kb/en/library/innodb-recovery-modes/ for information about forcing recovery.
2026-05-18 19:40:13 0 [ERROR] InnoDB: Page [page id: space=0, page number=398] log sequence number 42301157 is in the future! Current system log sequence number 42300793.
2026-05-18 19:40:13 0 [ERROR] InnoDB: Your database may be corrupt or you may have copied the InnoDB tablespace but not the InnoDB log files. Please refer to https://mariadb.com/kb/en/library/innodb-recovery-modes/ for information about forcing recovery.
2026-05-18 19:40:13 0 [Note] InnoDB: 128 out of 128 rollback segments are active.
2026-05-18 19:40:13 0 [Note] InnoDB: Removed temporary tablespace data file: "ibtmp1"
2026-05-18 19:40:13 0 [Note] InnoDB: Creating shared tablespace for temporary tables
2026-05-18 19:40:13 0 [Note] InnoDB: Setting file 'C:\xampp\mysql\data\ibtmp1' size to 12 MB. Physically writing the file full; Please wait ...
2026-05-18 19:40:13 0 [Note] InnoDB: File 'C:\xampp\mysql\data\ibtmp1' size is now 12 MB.
2026-05-18 19:40:13 0 [Note] InnoDB: Waiting for purge to start
2026-05-18 19:40:13 0 [Note] InnoDB: 10.4.32 started; log sequence number 42300784; transaction id 32707
2026-05-18 19:40:13 0 [Note] InnoDB: Loading buffer pool(s) from C:\xampp\mysql\data\ib_buffer_pool
2026-05-18 19:40:13 0 [Note] Plugin 'FEEDBACK' is disabled.
2026-05-18 19:40:13 0 [Note] Server socket created on IP: '::'.
2026-05-20  2:09:30 0 [Note] Starting MariaDB 10.4.32-MariaDB source revision c4143f909528e3fab0677a28631d10389354c491 as process 35684
2026-05-20  2:09:30 0 [Note] InnoDB: Mutexes and rw_locks use Windows interlocked functions
2026-05-20  2:09:30 0 [Note] InnoDB: Uses event mutexes
2026-05-20  2:09:30 0 [Note] InnoDB: Compressed tables use zlib 1.3
2026-05-20  2:09:30 0 [Note] InnoDB: Number of pools: 1
2026-05-20  2:09:30 0 [Note] InnoDB: Using SSE2 crc32 instructions
2026-05-20  2:09:30 0 [Note] InnoDB: Initializing buffer pool, total size = 16M, instances = 1, chunk size = 16M
2026-05-20  2:09:30 0 [Note] InnoDB: Completed initialization of buffer pool
2026-05-20  2:09:30 0 [Note] InnoDB: Starting crash recovery from checkpoint LSN=42300793
2026-05-20  2:09:30 0 [Warning] InnoDB: Ignoring a doublewrite copy of page [page id: space=0, page number=247] with future log sequence number 42301157
2026-05-20  2:09:30 0 [Warning] InnoDB: Ignoring a doublewrite copy of page [page id: space=0, page number=398] with future log sequence number 42301157
2026-05-20  2:09:30 0 [ERROR] InnoDB: Page [page id: space=0, page number=245] log sequence number 42301113 is in the future! Current system log sequence number 42300811.
2026-05-20  2:09:30 0 [ERROR] InnoDB: Your database may be corrupt or you may have copied the InnoDB tablespace but not the InnoDB log files. Please refer to https://mariadb.com/kb/en/library/innodb-recovery-modes/ for information about forcing recovery.
2026-05-20  2:09:30 0 [ERROR] InnoDB: Page [page id: space=0, page number=324] log sequence number 42301113 is in the future! Current system log sequence number 42300811.
2026-05-20  2:09:30 0 [ERROR] InnoDB: Your database may be corrupt or you may have copied the InnoDB tablespace but not the InnoDB log files. Please refer to https://mariadb.com/kb/en/library/innodb-recovery-modes/ for information about forcing recovery.
2026-05-20  2:09:30 0 [ERROR] InnoDB: Page [page id: space=0, page number=247] log sequence number 42301157 is in the future! Current system log sequence number 42300811.
2026-05-20  2:09:30 0 [ERROR] InnoDB: Your database may be corrupt or you may have copied the InnoDB tablespace but not the InnoDB log files. Please refer to https://mariadb.com/kb/en/library/innodb-recovery-modes/ for information about forcing recovery.
2026-05-20  2:09:30 0 [ERROR] InnoDB: Page [page id: space=0, page number=398] log sequence number 42301157 is in the future! Current system log sequence number 42300811.
2026-05-20  2:09:30 0 [ERROR] InnoDB: Your database may be corrupt or you may have copied the InnoDB tablespace but not the InnoDB log files. Please refer to https://mariadb.com/kb/en/library/innodb-recovery-modes/ for information about forcing recovery.
2026-05-20  2:09:31 0 [Note] InnoDB: 128 out of 128 rollback segments are active.
2026-05-20  2:09:31 0 [Note] InnoDB: Removed temporary tablespace data file: "ibtmp1"
2026-05-20  2:09:31 0 [Note] InnoDB: Creating shared tablespace for temporary tables
2026-05-20  2:09:31 0 [Note] InnoDB: Setting file 'C:\xampp\mysql\data\ibtmp1' size to 12 MB. Physically writing the file full; Please wait ...
2026-05-20  2:09:31 0 [Note] InnoDB: File 'C:\xampp\mysql\data\ibtmp1' size is now 12 MB.
2026-05-20  2:09:31 0 [Note] InnoDB: Waiting for purge to start
2026-05-20  2:09:31 0 [Note] InnoDB: 10.4.32 started; log sequence number 42300802; transaction id 32707
2026-05-20  2:09:31 0 [Note] InnoDB: Loading buffer pool(s) from C:\xampp\mysql\data\ib_buffer_pool
2026-05-20  2:09:31 0 [Note] Plugin 'FEEDBACK' is disabled.
2026-05-20  2:09:31 0 [Note] InnoDB: Buffer pool(s) load completed at 260520  2:09:31
2026-05-20  2:09:31 0 [Note] Server socket created on IP: '::'.
2026-05-22 19:06:52 0 [Note] Starting MariaDB 10.4.32-MariaDB source revision c4143f909528e3fab0677a28631d10389354c491 as process 25864
2026-05-22 19:06:52 0 [Note] InnoDB: Mutexes and rw_locks use Windows interlocked functions
2026-05-22 19:06:52 0 [Note] InnoDB: Uses event mutexes
2026-05-22 19:06:52 0 [Note] InnoDB: Compressed tables use zlib 1.3
2026-05-22 19:06:52 0 [Note] InnoDB: Number of pools: 1
2026-05-22 19:06:52 0 [Note] InnoDB: Using SSE2 crc32 instructions
2026-05-22 19:06:52 0 [Note] InnoDB: Initializing buffer pool, total size = 16M, instances = 1, chunk size = 16M
2026-05-22 19:06:52 0 [Note] InnoDB: Completed initialization of buffer pool
2026-05-22 19:06:52 0 [Note] InnoDB: Starting crash recovery from checkpoint LSN=42480189
2026-05-22 19:06:53 0 [Note] InnoDB: 128 out of 128 rollback segments are active.
2026-05-22 19:06:53 0 [Note] InnoDB: Removed temporary tablespace data file: "ibtmp1"
2026-05-22 19:06:53 0 [Note] InnoDB: Creating shared tablespace for temporary tables
2026-05-22 19:06:53 0 [Note] InnoDB: Setting file 'C:\xampp\mysql\data\ibtmp1' size to 12 MB. Physically writing the file full; Please wait ...
2026-05-22 19:06:53 0 [Note] InnoDB: File 'C:\xampp\mysql\data\ibtmp1' size is now 12 MB.
2026-05-22 19:06:53 0 [Note] InnoDB: Waiting for purge to start
2026-05-22 19:06:53 0 [Note] InnoDB: 10.4.32 started; log sequence number 42480198; transaction id 32863
2026-05-22 19:06:53 0 [Note] InnoDB: Loading buffer pool(s) from C:\xampp\mysql\data\ib_buffer_pool
2026-05-22 19:06:53 0 [Note] Plugin 'FEEDBACK' is disabled.
2026-05-22 19:06:53 0 [Note] InnoDB: Buffer pool(s) load completed at 260522 19:06:53
2026-05-22 19:06:53 0 [Note] Server socket created on IP: '::'.
2026-05-22 19:06:53 0x5410  InnoDB: Assertion failure in file D:\winx64-packages\build\src\storage\innobase\os\os0file.cc line 6132
2026-05-22 19:06:53 0x25d4  InnoDB: Assertion failure in file D:\winx64-packages\build\src\storage\innobase\os\os0file.cc line 6132
InnoDB: Failing assertion: slot
InnoDB: We intentionally generate a memory trap.
InnoDB: Submit a detailed bug report to https://jira.mariadb.org/
InnoDB: If you get repeated assertion failures or crashes, even
InnoDB: immediately after the mysqld startup, there may be
InnoDB: corruption in the InnoDB tablespace. Please refer to
InnoDB: https://mariadb.com/kb/en/library/innodb-recovery-modes/
InnoDB: about forcing recovery.
2026-05-22 19:06:53 0x4f90  InnoDB: Assertion failure in file D:\winx64-packages\build\src\storage\innobase\os\os0file.cc line 6132
InnoDB: Failing assertion: slot
InnoDB: We intentionally generate a memory trap.
InnoDB: Submit a detailed bug report to https://jira.mariadb.org/
InnoDB: If you get repeated assertion failures or crashes, even
InnoDB: immediately after the mysqld startup, there may be
InnoDB: corruption in the InnoDB tablespace. Please refer to
InnoDB: https://mariadb.com/kb/en/library/innodb-recovery-modes/
InnoDB: about forcing recovery.
2026-05-22 19:07:14 0 [Note] Starting MariaDB 10.4.32-MariaDB source revision c4143f909528e3fab0677a28631d10389354c491 as process 32640
2026-05-22 19:07:14 0 [Note] InnoDB: Mutexes and rw_locks use Windows interlocked functions
2026-05-22 19:07:14 0 [Note] InnoDB: Uses event mutexes
2026-05-22 19:07:14 0 [Note] InnoDB: Compressed tables use zlib 1.3
2026-05-22 19:07:14 0 [Note] InnoDB: Number of pools: 1
2026-05-22 19:07:14 0 [Note] InnoDB: Using SSE2 crc32 instructions
2026-05-22 19:07:14 0 [Note] InnoDB: Initializing buffer pool, total size = 16M, instances = 1, chunk size = 16M
2026-05-22 19:07:14 0 [Note] InnoDB: Completed initialization of buffer pool
2026-05-22 19:07:14 0 [Note] InnoDB: Starting crash recovery from checkpoint LSN=42480189
2026-05-22 19:07:14 0 [Note] InnoDB: 128 out of 128 rollback segments are active.
2026-05-22 19:07:14 0 [Note] InnoDB: Removed temporary tablespace data file: "ibtmp1"
2026-05-22 19:07:14 0 [Note] InnoDB: Creating shared tablespace for temporary tables
2026-05-22 19:07:14 0 [Note] InnoDB: Setting file 'C:\xampp\mysql\data\ibtmp1' size to 12 MB. Physically writing the file full; Please wait ...
2026-05-22 19:07:14 0 [Note] InnoDB: File 'C:\xampp\mysql\data\ibtmp1' size is now 12 MB.
2026-05-22 19:07:14 0 [Note] InnoDB: Waiting for purge to start
2026-05-22 19:07:15 0 [Note] InnoDB: 10.4.32 started; log sequence number 42480198; transaction id 32863
2026-05-22 19:07:15 0 [Note] InnoDB: Loading buffer pool(s) from C:\xampp\mysql\data\ib_buffer_pool
2026-05-22 19:07:15 0 [Note] Plugin 'FEEDBACK' is disabled.
2026-05-22 19:07:15 0 [Note] Server socket created on IP: '::'.
2026-05-22 19:09:58 0 [Note] Starting MariaDB 10.4.32-MariaDB source revision c4143f909528e3fab0677a28631d10389354c491 as process 18260
2026-05-22 19:09:58 0 [Note] InnoDB: Mutexes and rw_locks use Windows interlocked functions
2026-05-22 19:09:58 0 [Note] InnoDB: Uses event mutexes
2026-05-22 19:09:58 0 [Note] InnoDB: Compressed tables use zlib 1.3
2026-05-22 19:09:58 0 [Note] InnoDB: Number of pools: 1
2026-05-22 19:09:58 0 [Note] InnoDB: Using SSE2 crc32 instructions
2026-05-22 19:09:58 0 [Note] InnoDB: Initializing buffer pool, total size = 16M, instances = 1, chunk size = 16M
2026-05-22 19:09:58 0 [Note] InnoDB: Completed initialization of buffer pool
2026-05-22 19:09:58 0 [Note] InnoDB: 128 out of 128 rollback segments are active.
2026-05-22 19:09:58 0 [Note] InnoDB: Creating shared tablespace for temporary tables
2026-05-22 19:09:58 0 [Note] InnoDB: Setting file 'C:\xampp\mysql\data\ibtmp1' size to 12 MB. Physically writing the file full; Please wait ...
2026-05-22 19:09:58 0 [Note] InnoDB: File 'C:\xampp\mysql\data\ibtmp1' size is now 12 MB.
2026-05-22 19:09:58 0 [Note] InnoDB: Waiting for purge to start
2026-05-22 19:09:58 0 [Note] InnoDB: 10.4.32 started; log sequence number 42480207; transaction id 32863
2026-05-22 19:09:58 0 [Note] InnoDB: Loading buffer pool(s) from C:\xampp\mysql\data\ib_buffer_pool
2026-05-22 19:09:58 0 [Note] Plugin 'FEEDBACK' is disabled.
2026-05-22 19:09:58 0 [Note] Server socket created on IP: '::'.
2026-05-22 19:10:08 0 [Note] Starting MariaDB 10.4.32-MariaDB source revision c4143f909528e3fab0677a28631d10389354c491 as process 23572
2026-05-22 19:10:08 0 [Note] InnoDB: Mutexes and rw_locks use Windows interlocked functions
2026-05-22 19:10:08 0 [Note] InnoDB: Uses event mutexes
2026-05-22 19:10:08 0 [Note] InnoDB: Compressed tables use zlib 1.3
2026-05-22 19:10:08 0 [Note] InnoDB: Number of pools: 1
2026-05-22 19:10:08 0 [Note] InnoDB: Using SSE2 crc32 instructions
2026-05-22 19:10:08 0 [Note] InnoDB: Initializing buffer pool, total size = 16M, instances = 1, chunk size = 16M
2026-05-22 19:10:08 0 [Note] InnoDB: Completed initialization of buffer pool
2026-05-22 19:10:08 0 [Note] InnoDB: 128 out of 128 rollback segments are active.
2026-05-22 19:10:08 0 [Note] InnoDB: Creating shared tablespace for temporary tables
2026-05-22 19:10:08 0 [Note] InnoDB: Setting file 'C:\xampp\mysql\data\ibtmp1' size to 12 MB. Physically writing the file full; Please wait ...
2026-05-22 19:10:08 0 [Note] InnoDB: File 'C:\xampp\mysql\data\ibtmp1' size is now 12 MB.
2026-05-22 19:10:08 0 [Note] InnoDB: Waiting for purge to start
2026-05-22 19:10:08 0 [Note] InnoDB: 10.4.32 started; log sequence number 42480216; transaction id 32863
2026-05-22 19:10:08 0 [Note] InnoDB: Loading buffer pool(s) from C:\xampp\mysql\data\ib_buffer_pool
2026-05-22 19:10:08 0 [Note] Plugin 'FEEDBACK' is disabled.
2026-05-22 19:10:08 0 [Note] Server socket created on IP: '::'.
2026-05-22 19:10:55 0 [Note] Starting MariaDB 10.4.32-MariaDB source revision c4143f909528e3fab0677a28631d10389354c491 as process 38296
2026-05-22 19:10:55 0 [Note] InnoDB: Mutexes and rw_locks use Windows interlocked functions
2026-05-22 19:10:55 0 [Note] InnoDB: Uses event mutexes
2026-05-22 19:10:55 0 [Note] InnoDB: Compressed tables use zlib 1.3
2026-05-22 19:10:55 0 [Note] InnoDB: Number of pools: 1
2026-05-22 19:10:55 0 [Note] InnoDB: Using SSE2 crc32 instructions
2026-05-22 19:10:55 0 [Note] InnoDB: Initializing buffer pool, total size = 16M, instances = 1, chunk size = 16M
2026-05-22 19:10:55 0 [Note] InnoDB: Completed initialization of buffer pool
2026-05-22 19:10:55 0 [Note] InnoDB: 128 out of 128 rollback segments are active.
2026-05-22 19:10:55 0 [Note] InnoDB: Removed temporary tablespace data file: "ibtmp1"
2026-05-22 19:10:55 0 [Note] InnoDB: Creating shared tablespace for temporary tables
2026-05-22 19:10:55 0 [Note] InnoDB: Setting file 'C:\xampp\mysql\data\ibtmp1' size to 12 MB. Physically writing the file full; Please wait ...
2026-05-22 19:10:55 0 [Note] InnoDB: File 'C:\xampp\mysql\data\ibtmp1' size is now 12 MB.
2026-05-22 19:10:55 0 [Note] InnoDB: Waiting for purge to start
2026-05-22 19:10:55 0 [Note] InnoDB: 10.4.32 started; log sequence number 42480216; transaction id 32863
2026-05-22 19:10:55 0 [Note] InnoDB: Loading buffer pool(s) from C:\xampp\mysql\data\ib_buffer_pool
2026-05-22 19:10:55 0 [Note] Plugin 'FEEDBACK' is disabled.
2026-05-22 19:10:55 0 [Note] Server socket created on IP: '::'.
2026-05-22 19:14:10 0 [Note] Starting MariaDB 10.4.32-MariaDB source revision c4143f909528e3fab0677a28631d10389354c491 as process 35756
2026-05-22 19:14:10 0 [Note] InnoDB: Mutexes and rw_locks use Windows interlocked functions
2026-05-22 19:14:10 0 [Note] InnoDB: Uses event mutexes
2026-05-22 19:14:10 0 [Note] InnoDB: Compressed tables use zlib 1.3
2026-05-22 19:14:10 0 [Note] InnoDB: Number of pools: 1
2026-05-22 19:14:10 0 [Note] InnoDB: Using SSE2 crc32 instructions
2026-05-22 19:14:10 0 [Note] InnoDB: Initializing buffer pool, total size = 16M, instances = 1, chunk size = 16M
2026-05-22 19:14:10 0 [Note] InnoDB: Completed initialization of buffer pool
2026-05-22 19:14:10 0 [Note] InnoDB: 128 out of 128 rollback segments are active.
2026-05-22 19:14:10 0 [Note] InnoDB: Creating shared tablespace for temporary tables
2026-05-22 19:14:10 0 [Note] InnoDB: Setting file 'C:\xampp\mysql\data\ibtmp1' size to 12 MB. Physically writing the file full; Please wait ...
2026-05-22 19:14:10 0 [Note] InnoDB: File 'C:\xampp\mysql\data\ibtmp1' size is now 12 MB.
2026-05-22 19:14:10 0 [Note] InnoDB: Waiting for purge to start
2026-05-22 19:14:10 0 [Note] InnoDB: 10.4.32 started; log sequence number 42480225; transaction id 32863
2026-05-22 19:14:10 0 [Note] Plugin 'FEEDBACK' is disabled.
2026-05-22 19:14:10 0 [Note] InnoDB: Loading buffer pool(s) from C:\xampp\mysql\data\ib_buffer_pool
2026-05-22 19:14:10 0 [Note] Server socket created on IP: '::'.
2026-05-22 20:18:29 0 [Note] Starting MariaDB 10.4.32-MariaDB source revision c4143f909528e3fab0677a28631d10389354c491 as process 19072
2026-05-22 20:18:29 0 [Note] InnoDB: Mutexes and rw_locks use Windows interlocked functions
2026-05-22 20:18:29 0 [Note] InnoDB: Uses event mutexes
2026-05-22 20:18:29 0 [Note] InnoDB: Compressed tables use zlib 1.3
2026-05-22 20:18:29 0 [Note] InnoDB: Number of pools: 1
2026-05-22 20:18:29 0 [Note] InnoDB: Using SSE2 crc32 instructions
2026-05-22 20:18:29 0 [Note] InnoDB: Initializing buffer pool, total size = 16M, instances = 1, chunk size = 16M
2026-05-22 20:18:29 0 [Note] InnoDB: Completed initialization of buffer pool
2026-05-22 20:18:29 0 [Note] InnoDB: The log sequence number 42480243 in the system tablespace does not match the log sequence number 42480652 in the ib_logfiles!
2026-05-22 20:18:29 0 [Note] InnoDB: Resizing redo log from 2*50331648 to 2*5242880 bytes; LSN=42480661
2026-05-22 20:18:29 0 [Note] InnoDB: Starting to delete and rewrite log files.
2026-05-22 20:18:29 0 [Note] InnoDB: Setting log file C:\xampp\mysql\data\ib_logfile101 size to 5242880 bytes
2026-05-22 20:18:29 0 [Note] InnoDB: Setting log file C:\xampp\mysql\data\ib_logfile1 size to 5242880 bytes
2026-05-22 20:18:29 0 [Note] InnoDB: Renaming log file C:\xampp\mysql\data\ib_logfile101 to C:\xampp\mysql\data\ib_logfile0
2026-05-22 20:18:29 0 [Note] InnoDB: New log files created, LSN=42480661
2026-05-22 20:18:29 0 [Note] InnoDB: 128 out of 128 rollback segments are active.
2026-05-22 20:18:29 0 [Note] InnoDB: Removed temporary tablespace data file: "ibtmp1"
2026-05-22 20:18:29 0 [Note] InnoDB: Creating shared tablespace for temporary tables
2026-05-22 20:18:29 0 [Note] InnoDB: Setting file 'C:\xampp\mysql\data\ibtmp1' size to 12 MB. Physically writing the file full; Please wait ...
2026-05-22 20:18:29 0 [Note] InnoDB: File 'C:\xampp\mysql\data\ibtmp1' size is now 12 MB.
2026-05-22 20:18:29 0 [Note] InnoDB: Waiting for purge to start
2026-05-22 20:18:29 0 [Note] InnoDB: 10.4.32 started; log sequence number 42480661; transaction id 32863
2026-05-22 20:18:29 0 [Note] InnoDB: Loading buffer pool(s) from C:\xampp\mysql\data\ib_buffer_pool
2026-05-22 20:18:29 0 [Note] Plugin 'FEEDBACK' is disabled.
2026-05-22 20:18:29 0 [Note] Server socket created on IP: '::'.
2026-05-22 20:21:20 0 [Note] Starting MariaDB 10.4.32-MariaDB source revision c4143f909528e3fab0677a28631d10389354c491 as process 25256
2026-05-22 20:21:20 0 [Note] mysqld.exe: Aria engine: starting recovery
recovered pages: 0% 100% (0.0 seconds); tables to flush: 1 0
 (0.0 seconds); 
2026-05-22 20:21:20 0 [Note] mysqld.exe: Aria engine: recovery done
2026-05-22 20:21:20 0 [Note] InnoDB: Mutexes and rw_locks use Windows interlocked functions
2026-05-22 20:21:20 0 [Note] InnoDB: Uses event mutexes
2026-05-22 20:21:20 0 [Note] InnoDB: Compressed tables use zlib 1.3
2026-05-22 20:21:20 0 [Note] InnoDB: Number of pools: 1
2026-05-22 20:21:20 0 [Note] InnoDB: Using SSE2 crc32 instructions
2026-05-22 20:21:20 0 [Note] InnoDB: Initializing buffer pool, total size = 16M, instances = 1, chunk size = 16M
2026-05-22 20:21:20 0 [Note] InnoDB: Completed initialization of buffer pool
2026-05-22 20:21:20 0 [Note] InnoDB: The log sequence number 42480661 in the system tablespace does not match the log sequence number 42481164 in the ib_logfiles!
2026-05-22 20:21:20 0 [Note] InnoDB: 128 out of 128 rollback segments are active.
2026-05-22 20:21:20 0 [Note] InnoDB: Removed temporary tablespace data file: "ibtmp1"
2026-05-22 20:21:20 0 [Note] InnoDB: Creating shared tablespace for temporary tables
2026-05-22 20:21:20 0 [Note] InnoDB: Setting file 'C:\xampp\mysql\data\ibtmp1' size to 12 MB. Physically writing the file full; Please wait ...
2026-05-22 20:21:20 0 [Note] InnoDB: File 'C:\xampp\mysql\data\ibtmp1' size is now 12 MB.
2026-05-22 20:21:20 0 [Note] InnoDB: Waiting for purge to start
2026-05-22 20:21:21 0 [Note] InnoDB: 10.4.32 started; log sequence number 42481164; transaction id 32863
2026-05-22 20:21:21 0 [Note] InnoDB: Loading buffer pool(s) from C:\xampp\mysql\data\ib_buffer_pool
2026-05-22 20:21:21 0 [Note] Plugin 'FEEDBACK' is disabled.
2026-05-22 20:21:21 0 [Note] Server socket created on IP: '::'.
2026-05-22 20:23:56 0 [Note] Starting MariaDB 10.4.32-MariaDB source revision c4143f909528e3fab0677a28631d10389354c491 as process 23632
2026-05-22 20:23:56 0 [Note] InnoDB: Mutexes and rw_locks use Windows interlocked functions
2026-05-22 20:23:56 0 [Note] InnoDB: Uses event mutexes
2026-05-22 20:23:56 0 [Note] InnoDB: Compressed tables use zlib 1.3
2026-05-22 20:23:56 0 [Note] InnoDB: Number of pools: 1
2026-05-22 20:23:56 0 [Note] InnoDB: Using SSE2 crc32 instructions
2026-05-22 20:23:56 0 [Note] InnoDB: Initializing buffer pool, total size = 16M, instances = 1, chunk size = 16M
2026-05-22 20:23:56 0 [Note] InnoDB: Completed initialization of buffer pool
2026-05-22 20:23:56 0 [Note] InnoDB: The log sequence number 42480661 in the system tablespace does not match the log sequence number 42481164 in the ib_logfiles!
2026-05-22 20:23:56 0 [Note] InnoDB: 128 out of 128 rollback segments are active.
2026-05-22 20:23:56 0 [Note] InnoDB: Removed temporary tablespace data file: "ibtmp1"
2026-05-22 20:23:56 0 [Note] InnoDB: Creating shared tablespace for temporary tables
2026-05-22 20:23:56 0 [Note] InnoDB: Setting file 'C:\xampp\mysql\data\ibtmp1' size to 12 MB. Physically writing the file full; Please wait ...
2026-05-22 20:23:56 0 [Note] InnoDB: File 'C:\xampp\mysql\data\ibtmp1' size is now 12 MB.
2026-05-22 20:23:56 0 [Note] InnoDB: Waiting for purge to start
2026-05-22 20:23:57 0 [Note] InnoDB: 10.4.32 started; log sequence number 42481164; transaction id 32863
2026-05-22 20:23:57 0 [Note] InnoDB: Loading buffer pool(s) from C:\xampp\mysql\data\ib_buffer_pool
2026-05-22 20:23:57 0 [Note] Plugin 'FEEDBACK' is disabled.
2026-05-22 20:23:57 0 [Note] Server socket created on IP: '::'.
2026-05-22 20:34:45 0 [Note] Starting MariaDB 10.4.32-MariaDB source revision c4143f909528e3fab0677a28631d10389354c491 as process 37424
2026-05-22 20:34:45 0 [Note] InnoDB: Mutexes and rw_locks use Windows interlocked functions
2026-05-22 20:34:45 0 [Note] InnoDB: Uses event mutexes
2026-05-22 20:34:45 0 [Note] InnoDB: Compressed tables use zlib 1.3
2026-05-22 20:34:45 0 [Note] InnoDB: Number of pools: 1
2026-05-22 20:34:45 0 [Note] InnoDB: Using SSE2 crc32 instructions
2026-05-22 20:34:45 0 [Note] InnoDB: Initializing buffer pool, total size = 16M, instances = 1, chunk size = 16M
2026-05-22 20:34:45 0 [Note] InnoDB: Completed initialization of buffer pool
2026-05-22 20:34:45 0 [Note] InnoDB: The log sequence number 42480661 in the system tablespace does not match the log sequence number 42481164 in the ib_logfiles!
2026-05-22 20:34:45 0 [Note] InnoDB: 128 out of 128 rollback segments are active.
2026-05-22 20:34:45 0 [Note] InnoDB: Removed temporary tablespace data file: "ibtmp1"
2026-05-22 20:34:45 0 [Note] InnoDB: Creating shared tablespace for temporary tables
2026-05-22 20:34:45 0 [Note] InnoDB: Setting file 'C:\xampp\mysql\data\ibtmp1' size to 12 MB. Physically writing the file full; Please wait ...
2026-05-22 20:34:45 0 [Note] InnoDB: File 'C:\xampp\mysql\data\ibtmp1' size is now 12 MB.
2026-05-22 20:34:45 0 [Note] InnoDB: Waiting for purge to start
2026-05-22 20:34:45 0 [Note] InnoDB: 10.4.32 started; log sequence number 42481164; transaction id 32863
2026-05-22 20:34:45 0 [Note] Plugin 'FEEDBACK' is disabled.
2026-05-22 20:34:45 0 [Note] InnoDB: Loading buffer pool(s) from C:\xampp\mysql\data\ib_buffer_pool
2026-05-22 20:34:45 0 [Note] Server socket created on IP: '::'.
2026-05-22 20:36:52 0 [Note] Starting MariaDB 10.4.32-MariaDB source revision c4143f909528e3fab0677a28631d10389354c491 as process 36984
2026-05-22 20:36:52 0 [Note] InnoDB: Mutexes and rw_locks use Windows interlocked functions
2026-05-22 20:36:52 0 [Note] InnoDB: Uses event mutexes
2026-05-22 20:36:52 0 [Note] InnoDB: Compressed tables use zlib 1.3
2026-05-22 20:36:52 0 [Note] InnoDB: Number of pools: 1
2026-05-22 20:36:52 0 [Note] InnoDB: Using SSE2 crc32 instructions
2026-05-22 20:36:52 0 [Note] InnoDB: Initializing buffer pool, total size = 16M, instances = 1, chunk size = 16M
2026-05-22 20:36:52 0 [Note] InnoDB: Completed initialization of buffer pool
2026-05-22 20:36:52 0 [Note] InnoDB: The log sequence number 42480661 in the system tablespace does not match the log sequence number 42481164 in the ib_logfiles!
2026-05-22 20:36:52 0 [Note] InnoDB: 128 out of 128 rollback segments are active.
2026-05-22 20:36:52 0 [Note] InnoDB: Removed temporary tablespace data file: "ibtmp1"
2026-05-22 20:36:52 0 [Note] InnoDB: Creating shared tablespace for temporary tables
2026-05-22 20:36:52 0 [Note] InnoDB: Setting file 'C:\xampp\mysql\data\ibtmp1' size to 12 MB. Physically writing the file full; Please wait ...
2026-05-22 20:36:52 0 [Note] InnoDB: File 'C:\xampp\mysql\data\ibtmp1' size is now 12 MB.
2026-05-22 20:36:52 0 [Note] InnoDB: Waiting for purge to start
2026-05-22 20:36:52 0 [Note] InnoDB: 10.4.32 started; log sequence number 42481164; transaction id 32863
2026-05-22 20:36:52 0 [Note] InnoDB: Loading buffer pool(s) from C:\xampp\mysql\data\ib_buffer_pool
2026-05-22 20:36:52 0 [Note] Plugin 'FEEDBACK' is disabled.
2026-05-22 20:36:52 0 [Note] Server socket created on IP: '::'.
2026-05-22 20:38:53 0 [Note] Starting MariaDB 10.4.32-MariaDB source revision c4143f909528e3fab0677a28631d10389354c491 as process 40704
2026-05-22 20:38:53 0 [Note] InnoDB: Mutexes and rw_locks use Windows interlocked functions
2026-05-22 20:38:53 0 [Note] InnoDB: Uses event mutexes
2026-05-22 20:38:53 0 [Note] InnoDB: Compressed tables use zlib 1.3
2026-05-22 20:38:53 0 [Note] InnoDB: Number of pools: 1
2026-05-22 20:38:53 0 [Note] InnoDB: Using SSE2 crc32 instructions
2026-05-22 20:38:53 0 [Note] InnoDB: Initializing buffer pool, total size = 16M, instances = 1, chunk size = 16M
2026-05-22 20:38:53 0 [Note] InnoDB: Completed initialization of buffer pool
2026-05-22 20:38:53 0 [Note] InnoDB: The log sequence number 42480661 in the system tablespace does not match the log sequence number 42481164 in the ib_logfiles!
2026-05-22 20:38:53 0 [Note] InnoDB: 128 out of 128 rollback segments are active.
2026-05-22 20:38:53 0 [Note] InnoDB: Removed temporary tablespace data file: "ibtmp1"
2026-05-22 20:38:53 0 [Note] InnoDB: Creating shared tablespace for temporary tables
2026-05-22 20:38:53 0 [Note] InnoDB: Setting file 'C:\xampp\mysql\data\ibtmp1' size to 12 MB. Physically writing the file full; Please wait ...
2026-05-22 20:38:53 0 [Note] InnoDB: File 'C:\xampp\mysql\data\ibtmp1' size is now 12 MB.
2026-05-22 20:38:53 0 [Note] InnoDB: Waiting for purge to start
2026-05-22 20:38:53 0 [Note] InnoDB: 10.4.32 started; log sequence number 42481164; transaction id 32863
2026-05-22 20:38:53 0 [Note] InnoDB: Loading buffer pool(s) from C:\xampp\mysql\data\ib_buffer_pool
2026-05-22 20:38:53 0 [Note] Plugin 'FEEDBACK' is disabled.
2026-05-22 20:38:53 0 [Note] Server socket created on IP: '::'.
2026-05-22 20:39:23 0 [Note] Starting MariaDB 10.4.32-MariaDB source revision c4143f909528e3fab0677a28631d10389354c491 as process 23732
2026-05-22 20:39:23 0 [Note] InnoDB: Mutexes and rw_locks use Windows interlocked functions
2026-05-22 20:39:23 0 [Note] InnoDB: Uses event mutexes
2026-05-22 20:39:23 0 [Note] InnoDB: Compressed tables use zlib 1.3
2026-05-22 20:39:23 0 [Note] InnoDB: Number of pools: 1
2026-05-22 20:39:23 0 [Note] InnoDB: Using SSE2 crc32 instructions
2026-05-22 20:39:23 0 [Note] InnoDB: Initializing buffer pool, total size = 16M, instances = 1, chunk size = 16M
2026-05-22 20:39:23 0 [Note] InnoDB: Completed initialization of buffer pool
2026-05-22 20:39:23 0 [Note] InnoDB: 128 out of 128 rollback segments are active.
2026-05-22 20:39:23 0 [Note] InnoDB: Creating shared tablespace for temporary tables
2026-05-22 20:39:23 0 [Note] InnoDB: Setting file 'C:\xampp\mysql\data\ibtmp1' size to 12 MB. Physically writing the file full; Please wait ...
2026-05-22 20:39:23 0 [Note] InnoDB: File 'C:\xampp\mysql\data\ibtmp1' size is now 12 MB.
2026-05-22 20:39:23 0 [Note] InnoDB: Waiting for purge to start
2026-05-22 20:39:23 0 [Note] InnoDB: 10.4.32 started; log sequence number 42481173; transaction id 32863
2026-05-22 20:39:23 0 [Note] InnoDB: Loading buffer pool(s) from C:\xampp\mysql\data\ib_buffer_pool
2026-05-22 20:39:23 0 [Note] Plugin 'FEEDBACK' is disabled.
2026-05-22 20:39:23 0 [Note] Server socket created on IP: '::'.
2026-05-22 20:42:23 0 [Note] Starting MariaDB 10.4.32-MariaDB source revision c4143f909528e3fab0677a28631d10389354c491 as process 23500
2026-05-22 20:42:23 0 [Note] InnoDB: Mutexes and rw_locks use Windows interlocked functions
2026-05-22 20:42:23 0 [Note] InnoDB: Uses event mutexes
2026-05-22 20:42:23 0 [Note] InnoDB: Compressed tables use zlib 1.3
2026-05-22 20:42:23 0 [Note] InnoDB: Number of pools: 1
2026-05-22 20:42:23 0 [Note] InnoDB: Using SSE2 crc32 instructions
2026-05-22 20:42:23 0 [Note] InnoDB: Initializing buffer pool, total size = 16M, instances = 1, chunk size = 16M
2026-05-22 20:42:23 0 [Note] InnoDB: Completed initialization of buffer pool
2026-05-22 20:42:24 0 [Note] InnoDB: Setting log file C:\xampp\mysql\data\ib_logfile101 size to 5242880 bytes
2026-05-22 20:42:24 0 [Note] InnoDB: Setting log file C:\xampp\mysql\data\ib_logfile1 size to 5242880 bytes
2026-05-22 20:42:24 0 [Note] InnoDB: Renaming log file C:\xampp\mysql\data\ib_logfile101 to C:\xampp\mysql\data\ib_logfile0
2026-05-22 20:42:24 0 [Note] InnoDB: New log files created, LSN=42481182
2026-05-22 20:42:24 0 [Note] InnoDB: 128 out of 128 rollback segments are active.
2026-05-22 20:42:24 0 [Note] InnoDB: Creating shared tablespace for temporary tables
2026-05-22 20:42:24 0 [Note] InnoDB: Setting file 'C:\xampp\mysql\data\ibtmp1' size to 12 MB. Physically writing the file full; Please wait ...
2026-05-22 20:42:24 0 [Note] InnoDB: File 'C:\xampp\mysql\data\ibtmp1' size is now 12 MB.
2026-05-22 20:42:24 0 [Note] InnoDB: Waiting for purge to start
2026-05-22 20:42:24 0 [Note] InnoDB: 10.4.32 started; log sequence number 42481676; transaction id 32863
2026-05-22 20:42:24 0 [Note] InnoDB: Loading buffer pool(s) from C:\xampp\mysql\data\ib_buffer_pool
2026-05-22 20:42:24 0 [Note] Plugin 'FEEDBACK' is disabled.
2026-05-22 20:42:24 0 [Note] Server socket created on IP: '::'.
